submission_id,label,comment_ditribution,comment_percentage
jvhzuf,-1,38.144329896907216,37
jvhzuf,0,34.02061855670103,33
jvhzuf,1,27.835051546391753,27
hply5k,-1,27.835051546391753,27
hply5k,0,34.02061855670103,33
hply5k,1,38.144329896907216,37
k6x2ve,-1,23.157894736842106,22
k6x2ve,0,32.631578947368425,31
k6x2ve,1,44.21052631578947,42
ji30j1,-1,21.428571428571427,21
ji30j1,0,33.6734693877551,33
ji30j1,1,44.89795918367347,44
k5v5ib,-1,35.869565217391305,33
k5v5ib,0,40.21739130434783,37
k5v5ib,1,23.91304347826087,22
tp4xtx,-1,21.27659574468085,20
tp4xtx,0,45.744680851063826,43
tp4xtx,1,32.97872340425532,31
jqciss,-1,15.053763440860216,14
jqciss,0,37.634408602150536,35
jqciss,1,47.31182795698925,44
jq4lm6,-1,16.842105263157894,16
jq4lm6,0,38.94736842105263,37
jq4lm6,1,44.21052631578947,42
kg8jzx,-1,16.161616161616163,16
kg8jzx,0,40.4040404040404,40
kg8jzx,1,43.43434343434344,43
ho4w32,-1,25.510204081632654,25
ho4w32,0,41.83673469387755,41
ho4w32,1,32.6530612244898,32
gus6vm,-1,47.31182795698925,44
gus6vm,0,41.935483870967744,39
gus6vm,1,10.75268817204301,10
k1j7mf,-1,29.166666666666668,28
k1j7mf,0,33.33333333333333,32
k1j7mf,1,37.5,36
kozwsy,-1,18.367346938775512,18
kozwsy,0,48.97959183673469,48
kozwsy,1,32.6530612244898,32
fyeaxi,-1,31.958762886597935,31
fyeaxi,0,36.08247422680412,35
fyeaxi,1,31.958762886597935,31
kprd7i,-1,47.0,47
kprd7i,0,35.0,35
kprd7i,1,18.0,18
l7tt4h,-1,56.00000000000001,56
l7tt4h,0,22.0,22
l7tt4h,1,22.0,22
fgjw4w,-1,26.041666666666668,25
fgjw4w,0,38.54166666666667,37
fgjw4w,1,35.41666666666667,34
h7ic8s,-1,60.67415730337079,54
h7ic8s,0,25.842696629213485,23
h7ic8s,1,13.48314606741573,12
iblcs6,-1,41.05263157894737,39
iblcs6,0,38.94736842105263,37
iblcs6,1,20.0,19
lp9bvn,-1,38.0,38
lp9bvn,0,44.0,44
lp9bvn,1,18.0,18
jaah4t,-1,44.329896907216494,43
jaah4t,0,32.98969072164948,32
jaah4t,1,22.68041237113402,22
hi6gpl,-1,37.755102040816325,37
hi6gpl,0,41.83673469387755,41
hi6gpl,1,20.408163265306122,20
kpuf1l,-1,44.0,44
kpuf1l,0,31.0,31
kpuf1l,1,25.0,25
jtgijl,-1,33.33333333333333,32
jtgijl,0,45.83333333333333,44
jtgijl,1,20.833333333333336,20
i68nt7,-1,33.33333333333333,32
i68nt7,0,43.75,42
i68nt7,1,22.916666666666664,22
kxi55f,-1,43.15789473684211,41
kxi55f,0,45.26315789473684,43
kxi55f,1,11.578947368421053,11
kv9pc7,-1,57.446808510638306,54
kv9pc7,0,29.78723404255319,28
kv9pc7,1,12.76595744680851,12
ithijd,-1,33.68421052631579,32
ithijd,0,46.31578947368421,44
ithijd,1,20.0,19
flnfh4,-1,41.41414141414141,41
flnfh4,0,39.39393939393939,39
flnfh4,1,19.19191919191919,19
frx93e,-1,22.448979591836736,22
frx93e,0,53.06122448979592,52
frx93e,1,24.489795918367346,24
hd05dq,-1,26.262626262626267,26
hd05dq,0,35.35353535353536,35
hd05dq,1,38.38383838383838,38
jg8f5g,-1,44.0,44
jg8f5g,0,41.0,41
jg8f5g,1,15.0,15
qaku0f,-1,15.053763440860216,14
qaku0f,0,48.38709677419355,45
qaku0f,1,36.55913978494624,34
ecm1zg,-1,22.0,22
ecm1zg,0,42.0,42
ecm1zg,1,36.0,36
f9vbua,-1,18.88888888888889,17
f9vbua,0,34.44444444444444,31
f9vbua,1,46.666666666666664,42
erxx8y,-1,25.806451612903224,24
erxx8y,0,44.086021505376344,41
erxx8y,1,30.107526881720432,28
uqcn33,-1,57.57575757575758,57
uqcn33,0,32.323232323232325,32
uqcn33,1,10.1010101010101,10
makyks,-1,24.489795918367346,24
makyks,0,35.714285714285715,35
makyks,1,39.795918367346935,39
uq4prt,-1,28.28282828282828,28
uq4prt,0,41.41414141414141,41
uq4prt,1,30.303030303030305,30
jieg28,-1,51.546391752577314,50
jieg28,0,31.958762886597935,31
jieg28,1,16.49484536082474,16
t4q4nz,-1,21.052631578947366,20
t4q4nz,0,42.10526315789473,40
t4q4nz,1,36.84210526315789,35
dpckgv,-1,30.0,30
dpckgv,0,43.0,43
dpckgv,1,27.0,27
my8frh,-1,52.0,52
my8frh,0,30.0,30
my8frh,1,18.0,18
jsi48r,-1,29.591836734693878,29
jsi48r,0,41.83673469387755,41
jsi48r,1,28.57142857142857,28
t0hamt,-1,32.0,32
t0hamt,0,39.0,39
t0hamt,1,28.999999999999996,29
r6o4m9,-1,26.0,26
r6o4m9,0,26.0,26
r6o4m9,1,48.0,48
kteyie,-1,34.0,34
kteyie,0,43.0,43
kteyie,1,23.0,23
j19bla,-1,32.6530612244898,32
j19bla,0,48.97959183673469,48
j19bla,1,18.367346938775512,18
kx67sa,-1,32.22222222222222,29
kx67sa,0,38.88888888888889,35
kx67sa,1,28.888888888888886,26
pugq38,-1,45.0,45
pugq38,0,32.0,32
pugq38,1,23.0,23
mov5f3,-1,45.45454545454545,45
mov5f3,0,37.37373737373738,37
mov5f3,1,17.17171717171717,17
hhjp9n,-1,33.33333333333333,33
hhjp9n,0,38.38383838383838,38
hhjp9n,1,28.28282828282828,28
l0olbe,-1,26.666666666666668,24
l0olbe,0,35.55555555555556,32
l0olbe,1,37.77777777777778,34
l6vmt4,-1,17.708333333333336,17
l6vmt4,0,39.58333333333333,38
l6vmt4,1,42.70833333333333,41
jnsl9k,-1,41.83673469387755,41
jnsl9k,0,33.6734693877551,33
jnsl9k,1,24.489795918367346,24
hi05d7,-1,38.38383838383838,38
hi05d7,0,38.38383838383838,38
hi05d7,1,23.232323232323232,23
l2scyf,-1,22.916666666666664,22
l2scyf,0,35.41666666666667,34
l2scyf,1,41.66666666666667,40
fnu41d,-1,18.0,18
fnu41d,0,40.0,40
fnu41d,1,42.0,42
krvh1f,-1,49.0,49
krvh1f,0,45.0,45
krvh1f,1,6.0,6
ks2qt6,-1,53.535353535353536,53
ks2qt6,0,37.37373737373738,37
ks2qt6,1,9.090909090909092,9
j5tigl,-1,32.29166666666667,31
j5tigl,0,38.54166666666667,37
j5tigl,1,29.166666666666668,28
l72drt,-1,31.182795698924732,29
l72drt,0,43.01075268817204,40
l72drt,1,25.806451612903224,24
niiqrw,-1,51.578947368421055,49
niiqrw,0,27.368421052631582,26
niiqrw,1,21.052631578947366,20
gyonyd,-1,34.69387755102041,34
gyonyd,0,34.69387755102041,34
gyonyd,1,30.612244897959183,30
k0ilo4,-1,17.0,17
k0ilo4,0,49.0,49
k0ilo4,1,34.0,34
k6k6c3,-1,17.0,17
k6k6c3,0,30.0,30
k6k6c3,1,53.0,53
gb0dss,-1,27.27272727272727,27
gb0dss,0,39.39393939393939,39
gb0dss,1,33.33333333333333,33
7inuet,-1,26.804123711340207,26
7inuet,0,45.36082474226804,44
7inuet,1,27.835051546391753,27
jef1hg,-1,38.0,38
jef1hg,0,47.0,47
jef1hg,1,15.0,15
hr5uyu,-1,34.0,34
hr5uyu,0,50.0,50
hr5uyu,1,16.0,16
kfkcpc,-1,37.0,37
kfkcpc,0,41.0,41
kfkcpc,1,22.0,22
j3e0n8,-1,38.775510204081634,38
j3e0n8,0,36.734693877551024,36
j3e0n8,1,24.489795918367346,24
qqt9x7,-1,28.57142857142857,28
qqt9x7,0,40.816326530612244,40
qqt9x7,1,30.612244897959183,30
s32wcv,-1,46.391752577319586,45
s32wcv,0,28.865979381443296,28
s32wcv,1,24.742268041237114,24
jblj2j,-1,13.043478260869565,12
jblj2j,0,44.565217391304344,41
jblj2j,1,42.391304347826086,39
jpzgpe,-1,20.618556701030926,20
jpzgpe,0,34.02061855670103,33
jpzgpe,1,45.36082474226804,44
lenvxh,-1,42.0,42
lenvxh,0,28.000000000000004,28
lenvxh,1,30.0,30
sof3ed,-1,25.53191489361702,24
sof3ed,0,47.87234042553192,45
sof3ed,1,26.595744680851062,25
lk019e,-1,36.734693877551024,36
lk019e,0,40.816326530612244,40
lk019e,1,22.448979591836736,22
hf4f2m,-1,38.0,38
hf4f2m,0,42.0,42
hf4f2m,1,20.0,20
l77f9p,-1,35.1063829787234,33
l77f9p,0,38.297872340425535,36
l77f9p,1,26.595744680851062,25
f0b9k8,-1,24.242424242424242,24
f0b9k8,0,34.34343434343434,34
f0b9k8,1,41.41414141414141,41
it877p,-1,44.21052631578947,42
it877p,0,44.21052631578947,42
it877p,1,11.578947368421053,11
jo0uzt,-1,52.04081632653062,51
jo0uzt,0,37.755102040816325,37
jo0uzt,1,10.204081632653061,10
fx8hga,-1,22.0,22
fx8hga,0,34.0,34
fx8hga,1,44.0,44
mi1d0p,-1,35.35353535353536,35
mi1d0p,0,42.42424242424242,42
mi1d0p,1,22.22222222222222,22
laz9r1,-1,15.957446808510639,15
laz9r1,0,40.42553191489361,38
laz9r1,1,43.61702127659575,41
jo30ra,-1,18.085106382978726,17
jo30ra,0,31.914893617021278,30
jo30ra,1,50.0,47
plqc9m,-1,26.0,26
plqc9m,0,52.0,52
plqc9m,1,22.0,22
75i7c2,-1,19.565217391304348,18
75i7c2,0,43.47826086956522,40
75i7c2,1,36.95652173913043,34
lh1qgm,-1,29.03225806451613,27
lh1qgm,0,46.236559139784944,43
lh1qgm,1,24.731182795698924,23
j7bgq2,-1,24.242424242424242,24
j7bgq2,0,48.484848484848484,48
j7bgq2,1,27.27272727272727,27
h7nccu,-1,28.000000000000004,28
h7nccu,0,40.0,40
h7nccu,1,32.0,32
giie6o,-1,46.0,46
giie6o,0,36.0,36
giie6o,1,18.0,18
jpxe19,-1,29.896907216494846,29
jpxe19,0,36.08247422680412,35
jpxe19,1,34.02061855670103,33
ksua63,-1,35.0,35
ksua63,0,43.0,43
ksua63,1,22.0,22
het1l1,-1,25.263157894736842,24
het1l1,0,29.47368421052631,28
het1l1,1,45.26315789473684,43
jiuwq3,-1,52.63157894736842,50
jiuwq3,0,17.894736842105264,17
jiuwq3,1,29.47368421052631,28
l67rzv,-1,54.0,54
l67rzv,0,28.999999999999996,29
l67rzv,1,17.0,17
ixnpjo,-1,23.655913978494624,22
ixnpjo,0,37.634408602150536,35
ixnpjo,1,38.70967741935484,36
g7c29n,-1,35.051546391752574,34
g7c29n,0,47.42268041237113,46
g7c29n,1,17.525773195876287,17
iaqud1,-1,36.17021276595745,34
iaqud1,0,37.234042553191486,35
iaqud1,1,26.595744680851062,25
fqn42e,-1,38.54166666666667,37
fqn42e,0,38.54166666666667,37
fqn42e,1,22.916666666666664,22
d3bwrf,-1,24.0,24
d3bwrf,0,35.0,35
d3bwrf,1,41.0,41
j25tmc,-1,22.22222222222222,22
j25tmc,0,46.464646464646464,46
j25tmc,1,31.313131313131315,31
jrnkay,-1,43.47826086956522,40
jrnkay,0,40.21739130434783,37
jrnkay,1,16.304347826086957,15
fpb73o,-1,44.0,44
fpb73o,0,33.0,33
fpb73o,1,23.0,23
iqqrnn,-1,38.94736842105263,37
iqqrnn,0,40.0,38
iqqrnn,1,21.052631578947366,20
hb4itb,-1,39.0,39
hb4itb,0,34.0,34
hb4itb,1,27.0,27
jjoy19,-1,38.54166666666667,37
jjoy19,0,39.58333333333333,38
jjoy19,1,21.875,21
g1pn1r,-1,37.37373737373738,37
g1pn1r,0,44.44444444444444,44
g1pn1r,1,18.181818181818183,18
fvdvdo,-1,40.625,39
fvdvdo,0,36.45833333333333,35
fvdvdo,1,22.916666666666664,22
dzqh2k,-1,25.0,25
dzqh2k,0,37.0,37
dzqh2k,1,38.0,38
i7p2sy,-1,40.0,40
i7p2sy,0,32.0,32
i7p2sy,1,28.000000000000004,28
l5byxr,-1,33.0,33
l5byxr,0,34.0,34
l5byxr,1,33.0,33
g8iov0,-1,36.36363636363637,36
g8iov0,0,46.464646464646464,46
g8iov0,1,17.17171717171717,17
7kw6gk,-1,13.978494623655912,13
7kw6gk,0,46.236559139784944,43
7kw6gk,1,39.784946236559136,37
gogaj4,-1,25.0,25
gogaj4,0,37.0,37
gogaj4,1,38.0,38
ip47ff,-1,32.323232323232325,32
ip47ff,0,31.313131313131315,31
ip47ff,1,36.36363636363637,36
l2zx3q,-1,31.0,31
l2zx3q,0,46.0,46
l2zx3q,1,23.0,23
knogcs,-1,25.806451612903224,24
knogcs,0,40.86021505376344,38
knogcs,1,33.33333333333333,31
l2n9ut,-1,56.81818181818182,50
l2n9ut,0,35.22727272727273,31
l2n9ut,1,7.954545454545454,7
k2vqbg,-1,33.33333333333333,32
k2vqbg,0,30.208333333333332,29
k2vqbg,1,36.45833333333333,35
jc09v6,-1,33.6734693877551,33
jc09v6,0,28.57142857142857,28
jc09v6,1,37.755102040816325,37
jm2osy,-1,21.21212121212121,21
jm2osy,0,49.494949494949495,49
jm2osy,1,29.292929292929294,29
j9y9er,-1,38.38383838383838,38
j9y9er,0,40.4040404040404,40
j9y9er,1,21.21212121212121,21
l1ltfr,-1,21.21212121212121,21
l1ltfr,0,40.4040404040404,40
l1ltfr,1,38.38383838383838,38
ihpcce,-1,46.464646464646464,46
ihpcce,0,36.36363636363637,36
ihpcce,1,17.17171717171717,17
lskkj1,-1,38.0,38
lskkj1,0,28.000000000000004,28
lskkj1,1,34.0,34
kpk3vf,-1,41.05263157894737,39
kpk3vf,0,41.05263157894737,39
kpk3vf,1,17.894736842105264,17
jm7ktk,-1,46.31578947368421,44
jm7ktk,0,34.73684210526316,33
jm7ktk,1,18.947368421052634,18
kwrmut,-1,43.0,43
kwrmut,0,40.0,40
kwrmut,1,17.0,17
hfc0sh,-1,52.52525252525253,52
hfc0sh,0,33.33333333333333,33
hfc0sh,1,14.14141414141414,14
jhjdxl,-1,34.0,34
jhjdxl,0,34.0,34
jhjdxl,1,32.0,32
hryxb8,-1,51.02040816326531,50
hryxb8,0,28.57142857142857,28
hryxb8,1,20.408163265306122,20
nsbin9,-1,19.0,19
nsbin9,0,56.99999999999999,57
nsbin9,1,24.0,24
fmlth3,-1,47.91666666666667,46
fmlth3,0,40.625,39
fmlth3,1,11.458333333333332,11
9ymbzc,-1,24.0,24
9ymbzc,0,62.0,62
9ymbzc,1,14.000000000000002,14
jy0nxd,-1,23.0,23
jy0nxd,0,54.0,54
jy0nxd,1,23.0,23
la5p0j,-1,32.0,32
la5p0j,0,28.999999999999996,29
la5p0j,1,39.0,39
v6xo6q,-1,21.0,21
v6xo6q,0,37.0,37
v6xo6q,1,42.0,42
gw37yc,-1,41.0,41
gw37yc,0,42.0,42
gw37yc,1,17.0,17
7976xc,-1,27.0,27
7976xc,0,46.0,46
7976xc,1,27.0,27
kg5fks,-1,26.373626373626376,24
kg5fks,0,37.362637362637365,34
kg5fks,1,36.26373626373626,33
mvi9zj,-1,30.337078651685395,27
mvi9zj,0,43.82022471910113,39
mvi9zj,1,25.842696629213485,23
j93r95,-1,23.232323232323232,23
j93r95,0,38.38383838383838,38
j93r95,1,38.38383838383838,38
jrjfp1,-1,44.680851063829785,42
jrjfp1,0,31.914893617021278,30
jrjfp1,1,23.404255319148938,22
fhpagm,-1,43.0,43
fhpagm,0,41.0,41
fhpagm,1,16.0,16
i2d4fi,-1,34.0,34
i2d4fi,0,44.0,44
i2d4fi,1,22.0,22
l5knoq,-1,39.175257731958766,38
l5knoq,0,25.773195876288657,25
l5knoq,1,35.051546391752574,34
a9ona8,-1,28.000000000000004,28
a9ona8,0,35.0,35
a9ona8,1,37.0,37
nr25ff,-1,31.958762886597935,31
nr25ff,0,32.98969072164948,32
nr25ff,1,35.051546391752574,34
aibyha,-1,39.58333333333333,38
aibyha,0,37.5,36
aibyha,1,22.916666666666664,22
dxvdp2,-1,33.0,33
dxvdp2,0,44.0,44
dxvdp2,1,23.0,23
fdzwl6,-1,30.0,30
fdzwl6,0,41.0,41
fdzwl6,1,28.999999999999996,29
igxoja,-1,29.47368421052631,28
igxoja,0,41.05263157894737,39
igxoja,1,29.47368421052631,28
fnwju9,-1,44.680851063829785,42
fnwju9,0,35.1063829787234,33
fnwju9,1,20.212765957446805,19
5p5civ,-1,22.105263157894736,21
5p5civ,0,53.68421052631579,51
5p5civ,1,24.210526315789473,23
gtyalu,-1,46.391752577319586,45
gtyalu,0,39.175257731958766,38
gtyalu,1,14.432989690721648,14
a1mfip,-1,33.0,33
a1mfip,0,44.0,44
a1mfip,1,23.0,23
mdm92z,-1,34.34343434343434,34
mdm92z,0,40.4040404040404,40
mdm92z,1,25.252525252525253,25
pzu1pw,-1,37.37373737373738,37
pzu1pw,0,42.42424242424242,42
pzu1pw,1,20.2020202020202,20
gylm53,-1,19.54022988505747,17
gylm53,0,45.97701149425287,40
gylm53,1,34.48275862068966,30
cd2l9u,-1,45.36082474226804,44
cd2l9u,0,38.144329896907216,37
cd2l9u,1,16.49484536082474,16
gtdxzq,-1,49.473684210526315,47
gtdxzq,0,37.89473684210527,36
gtdxzq,1,12.631578947368421,12
t3gr68,-1,27.835051546391753,27
t3gr68,0,39.175257731958766,38
t3gr68,1,32.98969072164948,32
l3izxt,-1,16.0,16
l3izxt,0,36.0,36
l3izxt,1,48.0,48
ld5f8g,-1,32.608695652173914,30
ld5f8g,0,33.69565217391305,31
ld5f8g,1,33.69565217391305,31
v0qyfq,-1,54.0,54
v0qyfq,0,31.0,31
v0qyfq,1,15.0,15
faay53,-1,43.15789473684211,41
faay53,0,37.89473684210527,36
faay53,1,18.947368421052634,18
jpv6k0,-1,26.0,26
jpv6k0,0,44.0,44
jpv6k0,1,30.0,30
loana4,-1,28.999999999999996,29
loana4,0,35.0,35
loana4,1,36.0,36
fjoawo,-1,28.000000000000004,28
fjoawo,0,36.0,36
fjoawo,1,36.0,36
lgroyr,-1,32.98969072164948,32
lgroyr,0,40.20618556701031,39
lgroyr,1,26.804123711340207,26
ky5l2v,-1,37.89473684210527,36
ky5l2v,0,43.15789473684211,41
ky5l2v,1,18.947368421052634,18
jsvdrl,-1,47.42268041237113,46
jsvdrl,0,35.051546391752574,34
jsvdrl,1,17.525773195876287,17
l28yqi,-1,23.0,23
l28yqi,0,32.0,32
l28yqi,1,45.0,45
fi6sm4,-1,43.87755102040816,43
fi6sm4,0,38.775510204081634,38
fi6sm4,1,17.346938775510203,17
k41srd,-1,27.0,27
k41srd,0,32.0,32
k41srd,1,41.0,41
l7zbdn,-1,26.041666666666668,25
l7zbdn,0,27.083333333333332,26
l7zbdn,1,46.875,45
jvz1cq,-1,45.0,45
jvz1cq,0,27.0,27
jvz1cq,1,28.000000000000004,28
nntj06,-1,46.0,46
nntj06,0,41.0,41
nntj06,1,13.0,13
mmajr7,-1,27.835051546391753,27
mmajr7,0,36.08247422680412,35
mmajr7,1,36.08247422680412,35
gmalqq,-1,41.66666666666667,40
gmalqq,0,39.58333333333333,38
gmalqq,1,18.75,18
mv25o4,-1,35.0,35
mv25o4,0,41.0,41
mv25o4,1,24.0,24
gv5hi7,-1,28.125,27
gv5hi7,0,35.41666666666667,34
gv5hi7,1,36.45833333333333,35
k2mbc0,-1,33.0,33
k2mbc0,0,39.0,39
k2mbc0,1,28.000000000000004,28
gxibqb,-1,51.0,51
gxibqb,0,26.0,26
gxibqb,1,23.0,23
su3zob,-1,13.0,13
su3zob,0,40.0,40
su3zob,1,47.0,47
k4jmqi,-1,32.0,32
k4jmqi,0,28.000000000000004,28
k4jmqi,1,40.0,40
fo8d0d,-1,22.58064516129032,21
fo8d0d,0,48.38709677419355,45
fo8d0d,1,29.03225806451613,27
jbaeon,-1,14.285714285714285,13
jbaeon,0,40.65934065934066,37
jbaeon,1,45.05494505494506,41
l3rg97,-1,29.03225806451613,27
l3rg97,0,34.40860215053764,32
l3rg97,1,36.55913978494624,34
t932v7,-1,34.34343434343434,34
t932v7,0,48.484848484848484,48
t932v7,1,17.17171717171717,17
ht2a0f,-1,32.25806451612903,30
ht2a0f,0,41.935483870967744,39
ht2a0f,1,25.806451612903224,24
jtl1uc,-1,56.84210526315789,54
jtl1uc,0,29.47368421052631,28
jtl1uc,1,13.684210526315791,13
j3oozc,-1,22.0,22
j3oozc,0,51.0,51
j3oozc,1,27.0,27
g7thtw,-1,40.42553191489361,38
g7thtw,0,39.361702127659576,37
g7thtw,1,20.212765957446805,19
m2zp9w,-1,35.1063829787234,33
m2zp9w,0,41.48936170212766,39
m2zp9w,1,23.404255319148938,22
t2suj2,-1,32.25806451612903,30
t2suj2,0,33.33333333333333,31
t2suj2,1,34.40860215053764,32
glpli6,-1,41.0,41
glpli6,0,39.0,39
glpli6,1,20.0,20
gybwnt,-1,30.303030303030305,30
gybwnt,0,48.484848484848484,48
gybwnt,1,21.21212121212121,21
nu1n1z,-1,31.313131313131315,31
nu1n1z,0,47.474747474747474,47
nu1n1z,1,21.21212121212121,21
g1bqy1,-1,27.835051546391753,27
g1bqy1,0,47.42268041237113,46
g1bqy1,1,24.742268041237114,24
kkvjmj,-1,32.0,32
kkvjmj,0,41.0,41
kkvjmj,1,27.0,27
e9qyn0,-1,36.36363636363637,36
e9qyn0,0,40.4040404040404,40
e9qyn0,1,23.232323232323232,23
dn1uh4,-1,32.97872340425532,31
dn1uh4,0,47.87234042553192,45
dn1uh4,1,19.148936170212767,18
u2prkt,-1,34.375,33
u2prkt,0,30.208333333333332,29
u2prkt,1,35.41666666666667,34
slgujm,-1,24.731182795698924,23
slgujm,0,48.38709677419355,45
slgujm,1,26.881720430107524,25
l4uk8i,-1,20.0,19
l4uk8i,0,41.05263157894737,39
l4uk8i,1,38.94736842105263,37
j7gppm,-1,53.0,53
j7gppm,0,28.999999999999996,29
j7gppm,1,18.0,18
ldmthg,-1,34.69387755102041,34
ldmthg,0,30.612244897959183,30
ldmthg,1,34.69387755102041,34
jk1fyr,-1,34.375,33
jk1fyr,0,42.70833333333333,41
jk1fyr,1,22.916666666666664,22
gc9fng,-1,27.058823529411764,23
gc9fng,0,37.64705882352941,32
gc9fng,1,35.294117647058826,30
g6wrl2,-1,32.98969072164948,32
g6wrl2,0,49.48453608247423,48
g6wrl2,1,17.525773195876287,17
kxjfxy,-1,47.0,47
kxjfxy,0,32.0,32
kxjfxy,1,21.0,21
ef0shq,-1,8.0,8
ef0shq,0,45.0,45
ef0shq,1,47.0,47
gri84y,-1,30.208333333333332,29
gri84y,0,42.70833333333333,41
gri84y,1,27.083333333333332,26
ku25fh,-1,46.0,46
ku25fh,0,32.0,32
ku25fh,1,22.0,22
s02nrx,-1,25.0,25
s02nrx,0,38.0,38
s02nrx,1,37.0,37
fvvyju,-1,38.04347826086957,35
fvvyju,0,35.869565217391305,33
fvvyju,1,26.08695652173913,24
lrkzw5,-1,29.591836734693878,29
lrkzw5,0,42.857142857142854,42
lrkzw5,1,27.55102040816326,27
jpw0kx,-1,39.0,39
jpw0kx,0,42.0,42
jpw0kx,1,19.0,19
lccv9r,-1,36.0,36
lccv9r,0,30.0,30
lccv9r,1,34.0,34
nkzei9,-1,36.36363636363637,36
nkzei9,0,37.37373737373738,37
nkzei9,1,26.262626262626267,26
gy0h8z,-1,24.0,24
gy0h8z,0,38.0,38
gy0h8z,1,38.0,38
hkhh63,-1,23.076923076923077,21
hkhh63,0,32.967032967032964,30
hkhh63,1,43.956043956043956,40
j2dsva,-1,45.91836734693878,45
j2dsva,0,30.612244897959183,30
j2dsva,1,23.46938775510204,23
j2k27s,-1,43.29896907216495,42
j2k27s,0,30.927835051546392,30
j2k27s,1,25.773195876288657,25
i9je2p,-1,51.041666666666664,49
i9je2p,0,34.375,33
i9je2p,1,14.583333333333334,14
7ekkmo,-1,42.857142857142854,42
7ekkmo,0,31.63265306122449,31
7ekkmo,1,25.510204081632654,25
i5ynth,-1,27.173913043478258,25
i5ynth,0,38.04347826086957,35
i5ynth,1,34.78260869565217,32
i99r32,-1,35.35353535353536,35
i99r32,0,39.39393939393939,39
i99r32,1,25.252525252525253,25
e2hot0,-1,34.04255319148936,32
e2hot0,0,45.744680851063826,43
e2hot0,1,20.212765957446805,19
ku0x21,-1,55.78947368421052,53
ku0x21,0,27.368421052631582,26
ku0x21,1,16.842105263157894,16
kvh7lt,-1,39.0,39
kvh7lt,0,50.0,50
kvh7lt,1,11.0,11
lb9ys1,-1,32.323232323232325,32
lb9ys1,0,35.35353535353536,35
lb9ys1,1,32.323232323232325,32
ke7p13,-1,31.11111111111111,28
ke7p13,0,45.55555555555556,41
ke7p13,1,23.333333333333332,21
luehib,-1,43.01075268817204,40
luehib,0,33.33333333333333,31
luehib,1,23.655913978494624,22
gzmkig,-1,53.608247422680414,52
gzmkig,0,30.927835051546392,30
gzmkig,1,15.463917525773196,15
h7rimi,-1,33.33333333333333,31
h7rimi,0,34.40860215053764,32
h7rimi,1,32.25806451612903,30
p6bbbq,-1,44.9438202247191,40
p6bbbq,0,35.95505617977528,32
p6bbbq,1,19.101123595505616,17
ivub80,-1,33.33333333333333,32
ivub80,0,31.25,30
ivub80,1,35.41666666666667,34
hdy2jy,-1,47.0,47
hdy2jy,0,44.0,44
hdy2jy,1,9.0,9
jndk1i,-1,25.0,25
jndk1i,0,42.0,42
jndk1i,1,33.0,33
ux4foh,-1,15.0,15
ux4foh,0,43.0,43
ux4foh,1,42.0,42
ah6gxc,-1,24.0,24
ah6gxc,0,42.0,42
ah6gxc,1,34.0,34
knygr7,-1,25.252525252525253,25
knygr7,0,55.55555555555556,55
knygr7,1,19.19191919191919,19
ssglma,-1,38.54166666666667,37
ssglma,0,32.29166666666667,31
ssglma,1,29.166666666666668,28
jt8pcg,-1,35.41666666666667,34
jt8pcg,0,34.375,33
jt8pcg,1,30.208333333333332,29
l7blgc,-1,25.510204081632654,25
l7blgc,0,48.97959183673469,48
l7blgc,1,25.510204081632654,25
ggk7vs,-1,43.29896907216495,42
ggk7vs,0,43.29896907216495,42
ggk7vs,1,13.402061855670103,13
hw14fa,-1,44.79166666666667,43
hw14fa,0,36.45833333333333,35
hw14fa,1,18.75,18
j7nb81,-1,47.87234042553192,45
j7nb81,0,37.234042553191486,35
j7nb81,1,14.893617021276595,14
v5difq,-1,39.795918367346935,39
v5difq,0,28.57142857142857,28
v5difq,1,31.63265306122449,31
k1dokd,-1,38.775510204081634,38
k1dokd,0,36.734693877551024,36
k1dokd,1,24.489795918367346,24
os8ich,-1,24.242424242424242,24
os8ich,0,31.313131313131315,31
os8ich,1,44.44444444444444,44
k5ih1l,-1,18.0,18
k5ih1l,0,32.0,32
k5ih1l,1,50.0,50
kcdg1o,-1,34.34343434343434,34
kcdg1o,0,41.41414141414141,41
kcdg1o,1,24.242424242424242,24
kt6hb8,-1,32.29166666666667,31
kt6hb8,0,34.375,33
kt6hb8,1,33.33333333333333,32
l6egbl,-1,23.595505617977526,21
l6egbl,0,42.69662921348314,38
l6egbl,1,33.70786516853933,30
hvt578,-1,42.0,42
hvt578,0,41.0,41
hvt578,1,17.0,17
t4d80z,-1,31.03448275862069,27
t4d80z,0,36.7816091954023,32
t4d80z,1,32.18390804597701,28
g9sz84,-1,32.98969072164948,32
g9sz84,0,50.51546391752577,49
g9sz84,1,16.49484536082474,16
uhudjb,-1,34.34343434343434,34
uhudjb,0,34.34343434343434,34
uhudjb,1,31.313131313131315,31
m4vpu7,-1,39.0,39
m4vpu7,0,35.0,35
m4vpu7,1,26.0,26
jny3so,-1,36.17021276595745,34
jny3so,0,37.234042553191486,35
jny3so,1,26.595744680851062,25
l2prnq,-1,19.387755102040817,19
l2prnq,0,44.89795918367347,44
l2prnq,1,35.714285714285715,35
l4romn,-1,33.33333333333333,31
l4romn,0,41.935483870967744,39
l4romn,1,24.731182795698924,23
jrctnz,-1,33.68421052631579,32
jrctnz,0,34.73684210526316,33
jrctnz,1,31.57894736842105,30
9uq8jc,-1,18.556701030927837,18
9uq8jc,0,38.144329896907216,37
9uq8jc,1,43.29896907216495,42
mau1l3,-1,16.666666666666664,16
mau1l3,0,30.208333333333332,29
mau1l3,1,53.125,51
lmpgqv,-1,31.958762886597935,31
lmpgqv,0,36.08247422680412,35
lmpgqv,1,31.958762886597935,31
oxrkqx,-1,37.07865168539326,33
oxrkqx,0,41.57303370786517,37
oxrkqx,1,21.34831460674157,19
smpjpo,-1,44.0,44
smpjpo,0,39.0,39
smpjpo,1,17.0,17
ifna3y,-1,28.000000000000004,28
ifna3y,0,41.0,41
ifna3y,1,31.0,31
i71z41,-1,37.11340206185567,36
i71z41,0,41.23711340206185,40
i71z41,1,21.649484536082475,21
k07ocv,-1,18.947368421052634,18
k07ocv,0,44.21052631578947,42
k07ocv,1,36.84210526315789,35
7p0ge0,-1,29.347826086956523,27
7p0ge0,0,33.69565217391305,31
7p0ge0,1,36.95652173913043,34
j1hmfc,-1,25.0,25
j1hmfc,0,38.0,38
j1hmfc,1,37.0,37
pk7p9i,-1,35.35353535353536,35
pk7p9i,0,43.43434343434344,43
pk7p9i,1,21.21212121212121,21
kai6m7,-1,36.0,36
kai6m7,0,32.0,32
kai6m7,1,32.0,32
m8ng1f,-1,39.0,39
m8ng1f,0,30.0,30
m8ng1f,1,31.0,31
jfyqgz,-1,51.02040816326531,50
jfyqgz,0,34.69387755102041,34
jfyqgz,1,14.285714285714285,14
jrvx55,-1,55.00000000000001,55
jrvx55,0,28.999999999999996,29
jrvx55,1,16.0,16
jg6662,-1,28.000000000000004,28
jg6662,0,54.0,54
jg6662,1,18.0,18
ks05c9,-1,42.0,42
ks05c9,0,38.0,38
ks05c9,1,20.0,20
jg23e2,-1,33.33333333333333,31
jg23e2,0,43.01075268817204,40
jg23e2,1,23.655913978494624,22
ntrz08,-1,25.0,25
ntrz08,0,33.0,33
ntrz08,1,42.0,42
j6piiv,-1,20.408163265306122,20
j6piiv,0,35.714285714285715,35
j6piiv,1,43.87755102040816,43
i5mb96,-1,29.47368421052631,28
i5mb96,0,42.10526315789473,40
i5mb96,1,28.421052631578945,27
haxj2m,-1,28.125,27
haxj2m,0,41.66666666666667,40
haxj2m,1,30.208333333333332,29
sbof7n,-1,20.0,20
sbof7n,0,53.0,53
sbof7n,1,27.0,27
ks475d,-1,46.875,45
ks475d,0,41.66666666666667,40
ks475d,1,11.458333333333332,11
krs92i,-1,44.0,44
krs92i,0,26.0,26
krs92i,1,30.0,30
edgkow,-1,32.98969072164948,32
edgkow,0,40.20618556701031,39
edgkow,1,26.804123711340207,26
musafo,-1,22.727272727272727,20
musafo,0,50.0,44
musafo,1,27.27272727272727,24
lg9yyr,-1,41.05263157894737,39
lg9yyr,0,41.05263157894737,39
lg9yyr,1,17.894736842105264,17
jxenpo,-1,32.0,32
jxenpo,0,31.0,31
jxenpo,1,37.0,37
tyjkff,-1,34.0,34
tyjkff,0,32.0,32
tyjkff,1,34.0,34
krr0fk,-1,35.714285714285715,35
krr0fk,0,31.63265306122449,31
krr0fk,1,32.6530612244898,32
jsw6ea,-1,38.94736842105263,37
jsw6ea,0,42.10526315789473,40
jsw6ea,1,18.947368421052634,18
jge8qq,-1,30.526315789473685,29
jge8qq,0,44.21052631578947,42
jge8qq,1,25.263157894736842,24
ls3rhr,-1,29.47368421052631,28
ls3rhr,0,49.473684210526315,47
ls3rhr,1,21.052631578947366,20
jmxoj8,-1,25.0,25
jmxoj8,0,45.0,45
jmxoj8,1,30.0,30
l2xg5b,-1,29.292929292929294,29
l2xg5b,0,36.36363636363637,36
l2xg5b,1,34.34343434343434,34
l1c1kw,-1,56.00000000000001,56
l1c1kw,0,28.000000000000004,28
l1c1kw,1,16.0,16
apuh2g,-1,19.387755102040817,19
apuh2g,0,31.63265306122449,31
apuh2g,1,48.97959183673469,48
hc75r4,-1,26.262626262626267,26
hc75r4,0,30.303030303030305,30
hc75r4,1,43.43434343434344,43
kv46c1,-1,35.0,35
kv46c1,0,41.0,41
kv46c1,1,24.0,24
ouorfn,-1,27.368421052631582,26
ouorfn,0,45.26315789473684,43
ouorfn,1,27.368421052631582,26
ksg7cu,-1,32.25806451612903,30
ksg7cu,0,48.38709677419355,45
ksg7cu,1,19.35483870967742,18
lvf502,-1,31.0,31
lvf502,0,39.0,39
lvf502,1,30.0,30
ncxrg7,-1,44.0,44
ncxrg7,0,44.0,44
ncxrg7,1,12.0,12
kkqkxx,-1,40.4040404040404,40
kkqkxx,0,42.42424242424242,42
kkqkxx,1,17.17171717171717,17
nedazb,-1,51.0,51
nedazb,0,28.000000000000004,28
nedazb,1,21.0,21
mllba8,-1,43.75,42
mllba8,0,27.083333333333332,26
mllba8,1,29.166666666666668,28
f1eqc4,-1,23.232323232323232,23
f1eqc4,0,44.44444444444444,44
f1eqc4,1,32.323232323232325,32
i9xzda,-1,20.833333333333336,20
i9xzda,0,55.208333333333336,53
i9xzda,1,23.958333333333336,23
mx79ne,-1,60.86956521739131,56
mx79ne,0,23.91304347826087,22
mx79ne,1,15.217391304347828,14
kec2g4,-1,37.11340206185567,36
kec2g4,0,37.11340206185567,36
kec2g4,1,25.773195876288657,25
k68seg,-1,17.0,17
k68seg,0,35.0,35
k68seg,1,48.0,48
mgdtyu,-1,37.37373737373738,37
mgdtyu,0,32.323232323232325,32
mgdtyu,1,30.303030303030305,30
ns4iig,-1,25.0,25
ns4iig,0,36.0,36
ns4iig,1,39.0,39
fset91,-1,26.041666666666668,25
fset91,0,36.45833333333333,35
fset91,1,37.5,36
91o8lt,-1,36.0,36
91o8lt,0,37.0,37
91o8lt,1,27.0,27
j4m8yc,-1,44.0,44
j4m8yc,0,32.0,32
j4m8yc,1,24.0,24
hrvc1m,-1,19.387755102040817,19
hrvc1m,0,40.816326530612244,40
hrvc1m,1,39.795918367346935,39
kbrxpd,-1,23.711340206185564,23
kbrxpd,0,41.23711340206185,40
kbrxpd,1,35.051546391752574,34
mb1pps,-1,35.0,35
mb1pps,0,41.0,41
mb1pps,1,24.0,24
iyd304,-1,39.58333333333333,38
iyd304,0,33.33333333333333,32
iyd304,1,27.083333333333332,26
m7ajqh,-1,20.833333333333336,20
m7ajqh,0,37.5,36
m7ajqh,1,41.66666666666667,40
jcm5dz,-1,37.362637362637365,34
jcm5dz,0,39.56043956043956,36
jcm5dz,1,23.076923076923077,21
knswd2,-1,38.775510204081634,38
knswd2,0,37.755102040816325,37
knswd2,1,23.46938775510204,23
pm6qem,-1,39.39393939393939,39
pm6qem,0,39.39393939393939,39
pm6qem,1,21.21212121212121,21
lqn0ow,-1,32.22222222222222,29
lqn0ow,0,53.333333333333336,48
lqn0ow,1,14.444444444444443,13
o19td4,-1,37.5,36
o19td4,0,27.083333333333332,26
o19td4,1,35.41666666666667,34
i8ztlq,-1,47.474747474747474,47
i8ztlq,0,37.37373737373738,37
i8ztlq,1,15.151515151515152,15
jpwcoy,-1,41.0,41
jpwcoy,0,42.0,42
jpwcoy,1,17.0,17
o5mfbi,-1,38.144329896907216,37
o5mfbi,0,36.08247422680412,35
o5mfbi,1,25.773195876288657,25
qksxyk,-1,38.0,38
qksxyk,0,41.0,41
qksxyk,1,21.0,21
hmdo0m,-1,40.0,38
hmdo0m,0,45.26315789473684,43
hmdo0m,1,14.736842105263156,14
m0hlp6,-1,31.63265306122449,31
m0hlp6,0,36.734693877551024,36
m0hlp6,1,31.63265306122449,31
f81paj,-1,10.1010101010101,10
f81paj,0,42.42424242424242,42
f81paj,1,47.474747474747474,47
gvitb6,-1,48.484848484848484,48
gvitb6,0,34.34343434343434,34
gvitb6,1,17.17171717171717,17
uy6hnl,-1,43.01075268817204,40
uy6hnl,0,31.182795698924732,29
uy6hnl,1,25.806451612903224,24
si00o5,-1,60.416666666666664,58
si00o5,0,29.166666666666668,28
si00o5,1,10.416666666666668,10
l1902k,-1,24.489795918367346,24
l1902k,0,37.755102040816325,37
l1902k,1,37.755102040816325,37
uieslq,-1,38.144329896907216,37
uieslq,0,34.02061855670103,33
uieslq,1,27.835051546391753,27
ik7x2d,-1,41.0,41
ik7x2d,0,39.0,39
ik7x2d,1,20.0,20
tvkg07,-1,53.0,53
tvkg07,0,28.999999999999996,29
tvkg07,1,18.0,18
hmi1t7,-1,40.0,40
hmi1t7,0,38.0,38
hmi1t7,1,22.0,22
jj15xv,-1,52.083333333333336,50
jj15xv,0,37.5,36
jj15xv,1,10.416666666666668,10
jw1xhl,-1,45.0,45
jw1xhl,0,21.0,21
jw1xhl,1,34.0,34
hv7c7u,-1,33.0,33
hv7c7u,0,47.0,47
hv7c7u,1,20.0,20
gwqlrq,-1,28.999999999999996,29
gwqlrq,0,42.0,42
gwqlrq,1,28.999999999999996,29
ts3ftw,-1,39.795918367346935,39
ts3ftw,0,33.6734693877551,33
ts3ftw,1,26.53061224489796,26
jt3m9z,-1,23.958333333333336,23
jt3m9z,0,30.208333333333332,29
jt3m9z,1,45.83333333333333,44
ksupjk,-1,31.25,30
ksupjk,0,47.91666666666667,46
ksupjk,1,20.833333333333336,20
fwiww9,-1,23.711340206185564,23
fwiww9,0,41.23711340206185,40
fwiww9,1,35.051546391752574,34
kwp7xw,-1,20.0,19
kwp7xw,0,54.736842105263165,52
kwp7xw,1,25.263157894736842,24
jtv6y3,-1,30.208333333333332,29
jtv6y3,0,38.54166666666667,37
jtv6y3,1,31.25,30
kuqspf,-1,46.31578947368421,44
kuqspf,0,41.05263157894737,39
kuqspf,1,12.631578947368421,12
ezxd7e,-1,31.313131313131315,31
ezxd7e,0,47.474747474747474,47
ezxd7e,1,21.21212121212121,21
kzsjas,-1,23.232323232323232,23
kzsjas,0,50.505050505050505,50
kzsjas,1,26.262626262626267,26
jrac51,-1,11.0,11
jrac51,0,55.00000000000001,55
jrac51,1,34.0,34
aa2aq9,-1,34.0,34
aa2aq9,0,44.0,44
aa2aq9,1,22.0,22
gfsooe,-1,35.78947368421053,34
gfsooe,0,38.94736842105263,37
gfsooe,1,25.263157894736842,24
l1bq4v,-1,9.0,9
l1bq4v,0,31.0,31
l1bq4v,1,60.0,60
jm06lg,-1,43.29896907216495,42
jm06lg,0,32.98969072164948,32
jm06lg,1,23.711340206185564,23
fzh78y,-1,30.927835051546392,30
fzh78y,0,41.23711340206185,40
fzh78y,1,27.835051546391753,27
lxw0ex,-1,31.914893617021278,30
lxw0ex,0,38.297872340425535,36
lxw0ex,1,29.78723404255319,28
jyat09,-1,34.0,34
jyat09,0,40.0,40
jyat09,1,26.0,26
f8bp7p,-1,10.869565217391305,10
f8bp7p,0,33.69565217391305,31
f8bp7p,1,55.434782608695656,51
kw19jk,-1,28.421052631578945,27
kw19jk,0,33.68421052631579,32
kw19jk,1,37.89473684210527,36
cr4b8v,-1,24.742268041237114,24
cr4b8v,0,41.23711340206185,40
cr4b8v,1,34.02061855670103,33
l9km9u,-1,36.0,36
l9km9u,0,28.999999999999996,29
l9km9u,1,35.0,35
hjapgh,-1,34.0,34
hjapgh,0,50.0,50
hjapgh,1,16.0,16
j47thr,-1,27.083333333333332,26
j47thr,0,50.0,48
j47thr,1,22.916666666666664,22
htiboa,-1,35.78947368421053,34
htiboa,0,46.31578947368421,44
htiboa,1,17.894736842105264,17
uqupns,-1,24.489795918367346,24
uqupns,0,46.93877551020408,46
uqupns,1,28.57142857142857,28
hz54ew,-1,40.0,38
hz54ew,0,32.631578947368425,31
hz54ew,1,27.368421052631582,26
ib3wbx,-1,32.0,32
ib3wbx,0,39.0,39
ib3wbx,1,28.999999999999996,29
k3arud,-1,21.11111111111111,19
k3arud,0,42.22222222222222,38
k3arud,1,36.666666666666664,33
fw1a0k,-1,30.208333333333332,29
fw1a0k,0,45.83333333333333,44
fw1a0k,1,23.958333333333336,23
ksd8nk,-1,43.29896907216495,42
ksd8nk,0,37.11340206185567,36
ksd8nk,1,19.587628865979383,19
ooaldw,-1,22.58064516129032,21
ooaldw,0,40.86021505376344,38
ooaldw,1,36.55913978494624,34
j0a90g,-1,28.999999999999996,29
j0a90g,0,34.0,34
j0a90g,1,37.0,37
7jgexr,-1,20.0,20
7jgexr,0,33.0,33
7jgexr,1,47.0,47
n5cj6l,-1,28.28282828282828,28
n5cj6l,0,34.34343434343434,34
n5cj6l,1,37.37373737373738,37
l26icr,-1,24.210526315789473,23
l26icr,0,36.84210526315789,35
l26icr,1,38.94736842105263,37
e0bc6q,-1,35.714285714285715,35
e0bc6q,0,44.89795918367347,44
e0bc6q,1,19.387755102040817,19
ffcwb5,-1,37.89473684210527,36
ffcwb5,0,40.0,38
ffcwb5,1,22.105263157894736,21
jhw78f,-1,31.63265306122449,31
jhw78f,0,23.46938775510204,23
jhw78f,1,44.89795918367347,44
p190o4,-1,40.0,40
p190o4,0,40.0,40
p190o4,1,20.0,20
ipk2w9,-1,43.0,43
ipk2w9,0,35.0,35
ipk2w9,1,22.0,22
jor5cq,-1,26.0,26
jor5cq,0,50.0,50
jor5cq,1,24.0,24
kvdxgm,-1,53.0,53
kvdxgm,0,28.999999999999996,29
kvdxgm,1,18.0,18
a1htyo,-1,27.0,27
a1htyo,0,39.0,39
a1htyo,1,34.0,34
ii0276,-1,51.02040816326531,50
ii0276,0,30.612244897959183,30
ii0276,1,18.367346938775512,18
un7ki7,-1,27.173913043478258,25
un7ki7,0,42.391304347826086,39
un7ki7,1,30.434782608695656,28
f19x5q,-1,27.368421052631582,26
f19x5q,0,34.73684210526316,33
f19x5q,1,37.89473684210527,36
gzuryi,-1,35.0,35
gzuryi,0,44.0,44
gzuryi,1,21.0,21
kl8779,-1,20.0,20
kl8779,0,38.0,38
kl8779,1,42.0,42
k7jpdd,-1,42.5531914893617,40
k7jpdd,0,38.297872340425535,36
k7jpdd,1,19.148936170212767,18
icuhra,-1,37.37373737373738,37
icuhra,0,39.39393939393939,39
icuhra,1,23.232323232323232,23
lwxmbh,-1,19.565217391304348,18
lwxmbh,0,32.608695652173914,30
lwxmbh,1,47.82608695652174,44
jcc1rz,-1,31.914893617021278,30
jcc1rz,0,44.680851063829785,42
jcc1rz,1,23.404255319148938,22
t2blwr,-1,48.484848484848484,48
t2blwr,0,28.28282828282828,28
t2blwr,1,23.232323232323232,23
fsafqe,-1,24.742268041237114,24
fsafqe,0,43.29896907216495,42
fsafqe,1,31.958762886597935,31
7t12e6,-1,42.0,42
7t12e6,0,43.0,43
7t12e6,1,15.0,15
l41451,-1,32.29166666666667,31
l41451,0,29.166666666666668,28
l41451,1,38.54166666666667,37
lcp7g1,-1,26.0,26
lcp7g1,0,41.0,41
lcp7g1,1,33.0,33
jf2yp7,-1,32.0,32
jf2yp7,0,44.0,44
jf2yp7,1,24.0,24
idusux,-1,37.2093023255814,32
idusux,0,41.86046511627907,36
idusux,1,20.930232558139537,18
d5katc,-1,25.773195876288657,25
d5katc,0,35.051546391752574,34
d5katc,1,39.175257731958766,38
fjv71u,-1,42.857142857142854,42
fjv71u,0,41.83673469387755,41
fjv71u,1,15.306122448979592,15
e9gj1l,-1,26.804123711340207,26
e9gj1l,0,35.051546391752574,34
e9gj1l,1,38.144329896907216,37
k9elxf,-1,34.0,34
k9elxf,0,35.0,35
k9elxf,1,31.0,31
fcamef,-1,27.659574468085108,26
fcamef,0,39.361702127659576,37
fcamef,1,32.97872340425532,31
jfneen,-1,27.0,27
jfneen,0,43.0,43
jfneen,1,30.0,30
hk668g,-1,35.1063829787234,33
hk668g,0,37.234042553191486,35
hk668g,1,27.659574468085108,26
llsaz1,-1,51.578947368421055,49
llsaz1,0,26.31578947368421,25
llsaz1,1,22.105263157894736,21
kqab77,-1,30.927835051546392,30
kqab77,0,45.36082474226804,44
kqab77,1,23.711340206185564,23
p0f3op,-1,34.34343434343434,34
p0f3op,0,41.41414141414141,41
p0f3op,1,24.242424242424242,24
hopbah,-1,40.0,40
hopbah,0,33.0,33
hopbah,1,27.0,27
k93qz4,-1,41.83673469387755,41
k93qz4,0,42.857142857142854,42
k93qz4,1,15.306122448979592,15
kbyc56,-1,34.40860215053764,32
kbyc56,0,35.483870967741936,33
kbyc56,1,30.107526881720432,28
jkah57,-1,33.33333333333333,32
jkah57,0,45.83333333333333,44
jkah57,1,20.833333333333336,20
j0qcrw,-1,18.556701030927837,18
j0qcrw,0,52.57731958762887,51
j0qcrw,1,28.865979381443296,28
eizr6l,-1,13.0,13
eizr6l,0,37.0,37
eizr6l,1,50.0,50
j7pwgm,-1,34.34343434343434,34
j7pwgm,0,32.323232323232325,32
j7pwgm,1,33.33333333333333,33
fo9h9i,-1,37.0,37
fo9h9i,0,44.0,44
fo9h9i,1,19.0,19
ldg759,-1,13.131313131313133,13
ldg759,0,39.39393939393939,39
ldg759,1,47.474747474747474,47
fke5pb,-1,25.53191489361702,24
fke5pb,0,40.42553191489361,38
fke5pb,1,34.04255319148936,32
kt1325,-1,47.368421052631575,45
kt1325,0,30.526315789473685,29
kt1325,1,22.105263157894736,21
lhtzhr,-1,43.0,43
lhtzhr,0,24.0,24
lhtzhr,1,33.0,33
jje33m,-1,27.173913043478258,25
jje33m,0,42.391304347826086,39
jje33m,1,30.434782608695656,28
8jxxn4,-1,19.51219512195122,16
8jxxn4,0,41.46341463414634,34
8jxxn4,1,39.02439024390244,32
kv5car,-1,27.173913043478258,25
kv5car,0,51.08695652173913,47
kv5car,1,21.73913043478261,20
njafhi,-1,50.0,50
njafhi,0,34.0,34
njafhi,1,16.0,16
kq74ow,-1,45.45454545454545,45
kq74ow,0,25.252525252525253,25
kq74ow,1,29.292929292929294,29
ay5zm0,-1,51.0,51
ay5zm0,0,34.0,34
ay5zm0,1,15.0,15
ddoi77,-1,25.252525252525253,25
ddoi77,0,43.43434343434344,43
ddoi77,1,31.313131313131315,31
jkecm3,-1,37.0,37
jkecm3,0,38.0,38
jkecm3,1,25.0,25
fwp42m,-1,44.0,44
fwp42m,0,30.0,30
fwp42m,1,26.0,26
gw3sbz,-1,28.723404255319153,27
gw3sbz,0,30.851063829787233,29
gw3sbz,1,40.42553191489361,38
kunswe,-1,38.04347826086957,35
kunswe,0,41.30434782608695,38
kunswe,1,20.652173913043477,19
kttu1q,-1,43.43434343434344,43
kttu1q,0,39.39393939393939,39
kttu1q,1,17.17171717171717,17
jffu2y,-1,33.69565217391305,31
jffu2y,0,32.608695652173914,30
jffu2y,1,33.69565217391305,31
jbsnnb,-1,22.68041237113402,22
jbsnnb,0,41.23711340206185,40
jbsnnb,1,36.08247422680412,35
krzt11,-1,45.91836734693878,45
krzt11,0,34.69387755102041,34
krzt11,1,19.387755102040817,19
7eizpg,-1,29.47368421052631,28
7eizpg,0,34.73684210526316,33
7eizpg,1,35.78947368421053,34
g0ifo6,-1,27.659574468085108,26
g0ifo6,0,46.808510638297875,44
g0ifo6,1,25.53191489361702,24
gx6ha0,-1,46.31578947368421,44
gx6ha0,0,32.631578947368425,31
gx6ha0,1,21.052631578947366,20
gptgsw,-1,60.0,60
gptgsw,0,21.0,21
gptgsw,1,19.0,19
l8mqzf,-1,29.591836734693878,29
l8mqzf,0,44.89795918367347,44
l8mqzf,1,25.510204081632654,25
jtq9c5,-1,35.051546391752574,34
jtq9c5,0,45.36082474226804,44
jtq9c5,1,19.587628865979383,19
lva616,-1,14.444444444444443,13
lva616,0,37.77777777777778,34
lva616,1,47.77777777777778,43
jb24i0,-1,49.473684210526315,47
jb24i0,0,29.47368421052631,28
jb24i0,1,21.052631578947366,20
axbw4z,-1,19.19191919191919,19
axbw4z,0,40.4040404040404,40
axbw4z,1,40.4040404040404,40
kxdo5m,-1,40.0,38
kxdo5m,0,44.21052631578947,42
kxdo5m,1,15.789473684210526,15
hrkybf,-1,38.94736842105263,37
hrkybf,0,42.10526315789473,40
hrkybf,1,18.947368421052634,18
7czjz5,-1,16.666666666666664,16
7czjz5,0,47.91666666666667,46
7czjz5,1,35.41666666666667,34
jzr4dw,-1,30.0,30
jzr4dw,0,39.0,39
jzr4dw,1,31.0,31
klugnr,-1,41.23711340206185,40
klugnr,0,41.23711340206185,40
klugnr,1,17.525773195876287,17
jh7xbt,-1,33.6734693877551,33
jh7xbt,0,41.83673469387755,41
jh7xbt,1,24.489795918367346,24
coiuza,-1,38.297872340425535,36
coiuza,0,47.87234042553192,45
coiuza,1,13.829787234042554,13
k8uouj,-1,34.34343434343434,34
k8uouj,0,41.41414141414141,41
k8uouj,1,24.242424242424242,24
q43m7n,-1,36.08247422680412,35
q43m7n,0,32.98969072164948,32
q43m7n,1,30.927835051546392,30
sjxpwd,-1,25.773195876288657,25
sjxpwd,0,49.48453608247423,48
sjxpwd,1,24.742268041237114,24
h0ljrm,-1,42.0,42
h0ljrm,0,34.0,34
h0ljrm,1,24.0,24
jx8mgg,-1,35.0,35
jx8mgg,0,35.0,35
jx8mgg,1,30.0,30
jj86yk,-1,35.1063829787234,33
jj86yk,0,43.61702127659575,41
jj86yk,1,21.27659574468085,20
ix8ma7,-1,37.755102040816325,37
ix8ma7,0,37.755102040816325,37
ix8ma7,1,24.489795918367346,24
dr1012,-1,41.935483870967744,39
dr1012,0,32.25806451612903,30
dr1012,1,25.806451612903224,24
gvf3is,-1,50.0,49
gvf3is,0,39.795918367346935,39
gvf3is,1,10.204081632653061,10
iown63,-1,43.61702127659575,41
iown63,0,37.234042553191486,35
iown63,1,19.148936170212767,18
kkazmy,-1,55.55555555555556,55
kkazmy,0,30.303030303030305,30
kkazmy,1,14.14141414141414,14
m6aqep,-1,27.0,27
m6aqep,0,44.0,44
m6aqep,1,28.999999999999996,29
kwi3qw,-1,31.32530120481928,26
kwi3qw,0,45.78313253012048,38
kwi3qw,1,22.89156626506024,19
tq8jyn,-1,38.144329896907216,37
tq8jyn,0,37.11340206185567,36
tq8jyn,1,24.742268041237114,24
kxzvax,-1,42.391304347826086,39
kxzvax,0,36.95652173913043,34
kxzvax,1,20.652173913043477,19
jyvf0w,-1,35.714285714285715,35
jyvf0w,0,36.734693877551024,36
jyvf0w,1,27.55102040816326,27
kgtisu,-1,42.0,42
kgtisu,0,33.0,33
kgtisu,1,25.0,25
i354x7,-1,34.34343434343434,34
i354x7,0,50.505050505050505,50
i354x7,1,15.151515151515152,15
q4l60r,-1,21.649484536082475,21
q4l60r,0,41.23711340206185,40
q4l60r,1,37.11340206185567,36
kb29j5,-1,47.95918367346938,47
kb29j5,0,30.612244897959183,30
kb29j5,1,21.428571428571427,21
jo5c38,-1,41.23711340206185,40
jo5c38,0,46.391752577319586,45
jo5c38,1,12.371134020618557,12
s9fex3,-1,33.33333333333333,31
s9fex3,0,43.01075268817204,40
s9fex3,1,23.655913978494624,22
hjha9u,-1,29.47368421052631,28
hjha9u,0,38.94736842105263,37
hjha9u,1,31.57894736842105,30
i01dej,-1,33.6734693877551,33
i01dej,0,45.91836734693878,45
i01dej,1,20.408163265306122,20
kvtumu,-1,15.789473684210526,15
kvtumu,0,33.68421052631579,32
kvtumu,1,50.526315789473685,48
ewgd28,-1,37.5,36
ewgd28,0,38.54166666666667,37
ewgd28,1,23.958333333333336,23
uxn8wu,-1,47.0,47
uxn8wu,0,28.999999999999996,29
uxn8wu,1,24.0,24
l9dfv6,-1,38.0,38
l9dfv6,0,33.0,33
l9dfv6,1,28.999999999999996,29
jqylkr,-1,22.916666666666664,22
jqylkr,0,44.79166666666667,43
jqylkr,1,32.29166666666667,31
5vzfba,-1,36.734693877551024,36
5vzfba,0,45.91836734693878,45
5vzfba,1,17.346938775510203,17
kyo2nw,-1,45.36082474226804,44
kyo2nw,0,35.051546391752574,34
kyo2nw,1,19.587628865979383,19
gy4g9w,-1,40.0,36
gy4g9w,0,34.44444444444444,31
gy4g9w,1,25.555555555555554,23
kezuxl,-1,19.791666666666664,19
kezuxl,0,51.041666666666664,49
kezuxl,1,29.166666666666668,28
gnuvv0,-1,42.10526315789473,40
gnuvv0,0,29.47368421052631,28
gnuvv0,1,28.421052631578945,27
gvc4tw,-1,44.329896907216494,43
gvc4tw,0,32.98969072164948,32
gvc4tw,1,22.68041237113402,22
v0k8mh,-1,38.775510204081634,38
v0k8mh,0,43.87755102040816,43
v0k8mh,1,17.346938775510203,17
fopc8h,-1,28.865979381443296,28
fopc8h,0,41.23711340206185,40
fopc8h,1,29.896907216494846,29
9v57rh,-1,26.0,26
9v57rh,0,37.0,37
9v57rh,1,37.0,37
a8nmov,-1,26.31578947368421,25
a8nmov,0,43.15789473684211,41
a8nmov,1,30.526315789473685,29
l67htr,-1,18.085106382978726,17
l67htr,0,60.63829787234043,57
l67htr,1,21.27659574468085,20
iethar,-1,33.33333333333333,31
iethar,0,36.55913978494624,34
iethar,1,30.107526881720432,28
9s7qss,-1,28.723404255319153,27
9s7qss,0,47.87234042553192,45
9s7qss,1,23.404255319148938,22
p5fbv1,-1,40.0,40
p5fbv1,0,30.0,30
p5fbv1,1,30.0,30
impnvt,-1,49.0,49
impnvt,0,36.0,36
impnvt,1,15.0,15
ayssub,-1,23.46938775510204,23
ayssub,0,57.14285714285714,56
ayssub,1,19.387755102040817,19
l2czsp,-1,47.474747474747474,47
l2czsp,0,37.37373737373738,37
l2czsp,1,15.151515151515152,15
k048pi,-1,10.0,10
k048pi,0,42.0,42
k048pi,1,48.0,48
kxtuwh,-1,25.263157894736842,24
kxtuwh,0,44.21052631578947,42
kxtuwh,1,30.526315789473685,29
fxgs1c,-1,31.57894736842105,30
fxgs1c,0,34.73684210526316,33
fxgs1c,1,33.68421052631579,32
dwti6n,-1,42.0,42
dwti6n,0,31.0,31
dwti6n,1,27.0,27
lab0il,-1,44.0,44
lab0il,0,30.0,30
lab0il,1,26.0,26
htep4y,-1,39.58333333333333,38
htep4y,0,38.54166666666667,37
htep4y,1,21.875,21
foxeg9,-1,51.02040816326531,50
foxeg9,0,29.591836734693878,29
foxeg9,1,19.387755102040817,19
jpw40g,-1,35.0,35
jpw40g,0,41.0,41
jpw40g,1,24.0,24
84oem1,-1,27.55102040816326,27
84oem1,0,37.755102040816325,37
84oem1,1,34.69387755102041,34
kjjsng,-1,33.0,33
kjjsng,0,33.0,33
kjjsng,1,34.0,34
jqkc5l,-1,43.87755102040816,43
jqkc5l,0,34.69387755102041,34
jqkc5l,1,21.428571428571427,21
l3f4yj,-1,33.33333333333333,31
l3f4yj,0,37.634408602150536,35
l3f4yj,1,29.03225806451613,27
llvmmf,-1,45.45454545454545,45
llvmmf,0,30.303030303030305,30
llvmmf,1,24.242424242424242,24
jcuufh,-1,31.313131313131315,31
jcuufh,0,35.35353535353536,35
jcuufh,1,33.33333333333333,33
jwe6gl,-1,34.375,33
jwe6gl,0,43.75,42
jwe6gl,1,21.875,21
lygoyi,-1,28.26086956521739,26
lygoyi,0,32.608695652173914,30
lygoyi,1,39.130434782608695,36
krntg6,-1,29.03225806451613,27
krntg6,0,43.01075268817204,40
krntg6,1,27.956989247311824,26
tewol7,-1,16.129032258064516,15
tewol7,0,54.83870967741935,51
tewol7,1,29.03225806451613,27
jd29rv,-1,42.2680412371134,41
jd29rv,0,35.051546391752574,34
jd29rv,1,22.68041237113402,22
f20xbu,-1,22.105263157894736,21
f20xbu,0,45.26315789473684,43
f20xbu,1,32.631578947368425,31
jontvz,-1,37.11340206185567,36
jontvz,0,35.051546391752574,34
jontvz,1,27.835051546391753,27
juo1al,-1,52.083333333333336,50
juo1al,0,31.25,30
juo1al,1,16.666666666666664,16
fnhfwu,-1,30.851063829787233,29
fnhfwu,0,44.680851063829785,42
fnhfwu,1,24.46808510638298,23
kw4iql,-1,34.090909090909086,30
kw4iql,0,43.18181818181818,38
kw4iql,1,22.727272727272727,20
t5gcgx,-1,43.0,43
t5gcgx,0,33.0,33
t5gcgx,1,24.0,24
fh0lk0,-1,16.129032258064516,15
fh0lk0,0,30.107526881720432,28
fh0lk0,1,53.76344086021505,50
his3wm,-1,33.0,33
his3wm,0,37.0,37
his3wm,1,30.0,30
klr9cf,-1,25.773195876288657,25
klr9cf,0,32.98969072164948,32
klr9cf,1,41.23711340206185,40
9uuhl3,-1,33.0,33
9uuhl3,0,43.0,43
9uuhl3,1,24.0,24
nyn1nb,-1,29.166666666666668,28
nyn1nb,0,41.66666666666667,40
nyn1nb,1,29.166666666666668,28
jr7hbm,-1,34.40860215053764,32
jr7hbm,0,47.31182795698925,44
jr7hbm,1,18.27956989247312,17
krcpec,-1,24.489795918367346,24
krcpec,0,51.02040816326531,50
krcpec,1,24.489795918367346,24
fi5gvd,-1,47.42268041237113,46
fi5gvd,0,38.144329896907216,37
fi5gvd,1,14.432989690721648,14
kpyyzf,-1,46.464646464646464,46
kpyyzf,0,32.323232323232325,32
kpyyzf,1,21.21212121212121,21
p3lkra,-1,41.05263157894737,39
p3lkra,0,40.0,38
p3lkra,1,18.947368421052634,18
kvs8m3,-1,52.04081632653062,51
kvs8m3,0,34.69387755102041,34
kvs8m3,1,13.26530612244898,13
acdf42,-1,20.43010752688172,19
acdf42,0,36.55913978494624,34
acdf42,1,43.01075268817204,40
jgd307,-1,40.0,40
jgd307,0,28.000000000000004,28
jgd307,1,32.0,32
j2dwzu,-1,50.0,49
j2dwzu,0,25.510204081632654,25
j2dwzu,1,24.489795918367346,24
knc1xf,-1,41.48936170212766,39
knc1xf,0,37.234042553191486,35
knc1xf,1,21.27659574468085,20
juks8c,-1,35.0,35
juks8c,0,37.0,37
juks8c,1,28.000000000000004,28
jsnapd,-1,26.31578947368421,25
jsnapd,0,35.78947368421053,34
jsnapd,1,37.89473684210527,36
gw4exy,-1,25.842696629213485,23
gw4exy,0,46.06741573033708,41
gw4exy,1,28.08988764044944,25
pixnkc,-1,32.94117647058823,28
pixnkc,0,37.64705882352941,32
pixnkc,1,29.411764705882355,25
i556pe,-1,45.45454545454545,45
i556pe,0,26.262626262626267,26
i556pe,1,28.28282828282828,28
ki9g9h,-1,34.02061855670103,33
ki9g9h,0,42.2680412371134,41
ki9g9h,1,23.711340206185564,23
jrqplx,-1,33.33333333333333,32
jrqplx,0,44.79166666666667,43
jrqplx,1,21.875,21
b11g3m,-1,14.130434782608695,13
b11g3m,0,47.82608695652174,44
b11g3m,1,38.04347826086957,35
gx76za,-1,42.10526315789473,40
gx76za,0,35.78947368421053,34
gx76za,1,22.105263157894736,21
ktdu69,-1,39.795918367346935,39
ktdu69,0,41.83673469387755,41
ktdu69,1,18.367346938775512,18
g2dv38,-1,25.0,25
g2dv38,0,47.0,47
g2dv38,1,28.000000000000004,28
krwqh7,-1,38.775510204081634,38
krwqh7,0,41.83673469387755,41
krwqh7,1,19.387755102040817,19
isxpz2,-1,23.0,23
isxpz2,0,47.0,47
isxpz2,1,30.0,30
l4q71x,-1,44.44444444444444,44
l4q71x,0,35.35353535353536,35
l4q71x,1,20.2020202020202,20
l86dev,-1,39.39393939393939,39
l86dev,0,37.37373737373738,37
l86dev,1,23.232323232323232,23
lcuhnp,-1,41.0,41
lcuhnp,0,36.0,36
lcuhnp,1,23.0,23
kirrzu,-1,33.70786516853933,30
kirrzu,0,39.325842696629216,35
kirrzu,1,26.96629213483146,24
kryb96,-1,29.292929292929294,29
kryb96,0,50.505050505050505,50
kryb96,1,20.2020202020202,20
jqcd8v,-1,38.0,38
jqcd8v,0,34.0,34
jqcd8v,1,28.000000000000004,28
pie5tb,-1,17.0,17
pie5tb,0,38.0,38
pie5tb,1,45.0,45
ge4blp,-1,41.83673469387755,41
ge4blp,0,42.857142857142854,42
ge4blp,1,15.306122448979592,15
rxqvwi,-1,25.0,25
rxqvwi,0,44.0,44
rxqvwi,1,31.0,31
ln5z91,-1,25.510204081632654,25
ln5z91,0,36.734693877551024,36
ln5z91,1,37.755102040816325,37
j9eduo,-1,56.99999999999999,57
j9eduo,0,26.0,26
j9eduo,1,17.0,17
hbo4a7,-1,42.0,42
hbo4a7,0,36.0,36
hbo4a7,1,22.0,22
ut7h3d,-1,49.0,49
ut7h3d,0,33.0,33
ut7h3d,1,18.0,18
t7182e,-1,33.68421052631579,32
t7182e,0,28.421052631578945,27
t7182e,1,37.89473684210527,36
l1k8xa,-1,20.833333333333336,20
l1k8xa,0,32.29166666666667,31
l1k8xa,1,46.875,45
n0j9uw,-1,37.37373737373738,37
n0j9uw,0,35.35353535353536,35
n0j9uw,1,27.27272727272727,27
k0qkgl,-1,21.052631578947366,20
k0qkgl,0,48.421052631578945,46
k0qkgl,1,30.526315789473685,29
kfs6j9,-1,37.0,37
kfs6j9,0,38.0,38
kfs6j9,1,25.0,25
kdvw5s,-1,33.33333333333333,30
kdvw5s,0,38.88888888888889,35
kdvw5s,1,27.77777777777778,25
im2uc1,-1,54.166666666666664,52
im2uc1,0,23.958333333333336,23
im2uc1,1,21.875,21
elygm6,-1,25.0,25
elygm6,0,34.0,34
elygm6,1,41.0,41
eddjzi,-1,21.0,21
eddjzi,0,33.0,33
eddjzi,1,46.0,46
hs7wvp,-1,30.851063829787233,29
hs7wvp,0,42.5531914893617,40
hs7wvp,1,26.595744680851062,25
lt5lhs,-1,37.5,36
lt5lhs,0,38.54166666666667,37
lt5lhs,1,23.958333333333336,23
gmyz0a,-1,33.6734693877551,33
gmyz0a,0,44.89795918367347,44
gmyz0a,1,21.428571428571427,21
ku285s,-1,17.17171717171717,17
ku285s,0,35.35353535353536,35
ku285s,1,47.474747474747474,47
iml9ha,-1,39.795918367346935,39
iml9ha,0,26.53061224489796,26
iml9ha,1,33.6734693877551,33
j8qjyv,-1,35.0,35
j8qjyv,0,28.999999999999996,29
j8qjyv,1,36.0,36
guqj1o,-1,48.0,48
guqj1o,0,36.0,36
guqj1o,1,16.0,16
jy1h8p,-1,26.53061224489796,26
jy1h8p,0,54.08163265306123,53
jy1h8p,1,19.387755102040817,19
tbcz32,-1,22.105263157894736,21
tbcz32,0,46.31578947368421,44
tbcz32,1,31.57894736842105,30
kr5020,-1,27.835051546391753,27
kr5020,0,52.57731958762887,51
kr5020,1,19.587628865979383,19
ubo2ao,-1,26.881720430107524,25
ubo2ao,0,45.16129032258064,42
ubo2ao,1,27.956989247311824,26
nvhhx7,-1,22.105263157894736,21
nvhhx7,0,37.89473684210527,36
nvhhx7,1,40.0,38
kpvbec,-1,45.26315789473684,43
kpvbec,0,26.31578947368421,25
kpvbec,1,28.421052631578945,27
ktjl43,-1,51.08695652173913,47
ktjl43,0,35.869565217391305,33
ktjl43,1,13.043478260869565,12
jwkn5l,-1,34.69387755102041,34
jwkn5l,0,32.6530612244898,32
jwkn5l,1,32.6530612244898,32
h0xzla,-1,31.521739130434785,29
h0xzla,0,46.73913043478261,43
h0xzla,1,21.73913043478261,20
ecn5ac,-1,18.556701030927837,18
ecn5ac,0,34.02061855670103,33
ecn5ac,1,47.42268041237113,46
kiwvyy,-1,40.20618556701031,39
kiwvyy,0,26.804123711340207,26
kiwvyy,1,32.98969072164948,32
iz72u9,-1,18.681318681318682,17
iz72u9,0,50.54945054945055,46
iz72u9,1,30.76923076923077,28
g2izpf,-1,27.835051546391753,27
g2izpf,0,52.57731958762887,51
g2izpf,1,19.587628865979383,19
gwo8s1,-1,59.0,59
gwo8s1,0,21.0,21
gwo8s1,1,20.0,20
i78nb3,-1,21.0,21
i78nb3,0,41.0,41
i78nb3,1,38.0,38
jxxkww,-1,28.000000000000004,28
jxxkww,0,32.0,32
jxxkww,1,40.0,40
jsan5s,-1,37.77777777777778,34
jsan5s,0,40.0,36
jsan5s,1,22.22222222222222,20
i80gfi,-1,40.0,40
i80gfi,0,33.0,33
i80gfi,1,27.0,27
kfpcbj,-1,28.125,27
kfpcbj,0,48.95833333333333,47
kfpcbj,1,22.916666666666664,22
6bd42j,-1,34.0,34
6bd42j,0,38.0,38
6bd42j,1,28.000000000000004,28
jp3a9q,-1,42.10526315789473,40
jp3a9q,0,36.84210526315789,35
jp3a9q,1,21.052631578947366,20
ifx6sh,-1,39.361702127659576,37
ifx6sh,0,37.234042553191486,35
ifx6sh,1,23.404255319148938,22
gsvg7o,-1,24.489795918367346,24
gsvg7o,0,29.591836734693878,29
gsvg7o,1,45.91836734693878,45
g8dm2h,-1,44.44444444444444,44
g8dm2h,0,38.38383838383838,38
g8dm2h,1,17.17171717171717,17
jq25zu,-1,20.833333333333336,20
jq25zu,0,44.79166666666667,43
jq25zu,1,34.375,33
ickv49,-1,64.0,64
ickv49,0,27.0,27
ickv49,1,9.0,9
ktzm1z,-1,22.105263157894736,21
ktzm1z,0,38.94736842105263,37
ktzm1z,1,38.94736842105263,37
hrds7s,-1,39.0,39
hrds7s,0,26.0,26
hrds7s,1,35.0,35
ia6x8h,-1,35.0,35
ia6x8h,0,45.0,45
ia6x8h,1,20.0,20
nt4omk,-1,44.0,44
nt4omk,0,34.0,34
nt4omk,1,22.0,22
lak7wc,-1,44.79166666666667,43
lak7wc,0,33.33333333333333,32
lak7wc,1,21.875,21
kw5ude,-1,45.0,45
kw5ude,0,36.0,36
kw5ude,1,19.0,19
gulkse,-1,42.0,42
gulkse,0,30.0,30
gulkse,1,28.000000000000004,28
kqk5v0,-1,25.252525252525253,25
kqk5v0,0,38.38383838383838,38
kqk5v0,1,36.36363636363637,36
jp71e2,-1,32.631578947368425,31
jp71e2,0,40.0,38
jp71e2,1,27.368421052631582,26
kbhkpb,-1,49.45054945054945,45
kbhkpb,0,38.46153846153847,35
kbhkpb,1,12.087912087912088,11
l7ps56,-1,28.999999999999996,29
l7ps56,0,39.0,39
l7ps56,1,32.0,32
i1bis0,-1,47.95918367346938,47
i1bis0,0,34.69387755102041,34
i1bis0,1,17.346938775510203,17
jp65jn,-1,12.121212121212121,12
jp65jn,0,50.505050505050505,50
jp65jn,1,37.37373737373738,37
pghh91,-1,27.083333333333332,26
pghh91,0,43.75,42
pghh91,1,29.166666666666668,28
j2va0w,-1,44.89795918367347,44
j2va0w,0,36.734693877551024,36
j2va0w,1,18.367346938775512,18
il59k3,-1,29.03225806451613,27
il59k3,0,40.86021505376344,38
il59k3,1,30.107526881720432,28
jqmpus,-1,26.373626373626376,24
jqmpus,0,41.75824175824176,38
jqmpus,1,31.868131868131865,29
jo8jf7,-1,47.368421052631575,45
jo8jf7,0,30.526315789473685,29
jo8jf7,1,22.105263157894736,21
kmimpu,-1,37.234042553191486,35
kmimpu,0,39.361702127659576,37
kmimpu,1,23.404255319148938,22
ndui2i,-1,46.0,46
ndui2i,0,39.0,39
ndui2i,1,15.0,15
ha86we,-1,12.5,11
ha86we,0,53.40909090909091,47
ha86we,1,34.090909090909086,30
f4is55,-1,31.313131313131315,31
f4is55,0,32.323232323232325,32
f4is55,1,36.36363636363637,36
qhkr8f,-1,30.612244897959183,30
qhkr8f,0,38.775510204081634,38
qhkr8f,1,30.612244897959183,30
n0v9rd,-1,25.53191489361702,24
n0v9rd,0,37.234042553191486,35
n0v9rd,1,37.234042553191486,35
k5b2e6,-1,17.045454545454543,15
k5b2e6,0,38.63636363636363,34
k5b2e6,1,44.31818181818182,39
jpwb42,-1,24.489795918367346,24
jpwb42,0,50.0,49
jpwb42,1,25.510204081632654,25
etwqwb,-1,34.34343434343434,34
etwqwb,0,38.38383838383838,38
etwqwb,1,27.27272727272727,27
j586te,-1,41.83673469387755,41
j586te,0,32.6530612244898,32
j586te,1,25.510204081632654,25
d53xzz,-1,27.835051546391753,27
d53xzz,0,43.29896907216495,42
d53xzz,1,28.865979381443296,28
jqjcf7,-1,23.958333333333336,23
jqjcf7,0,31.25,30
jqjcf7,1,44.79166666666667,43
jptq5n,-1,31.0,31
jptq5n,0,32.0,32
jptq5n,1,37.0,37
fdp1gt,-1,20.652173913043477,19
fdp1gt,0,32.608695652173914,30
fdp1gt,1,46.73913043478261,43
jyevov,-1,22.58064516129032,21
jyevov,0,45.16129032258064,42
jyevov,1,32.25806451612903,30
hqks52,-1,47.42268041237113,46
hqks52,0,31.958762886597935,31
hqks52,1,20.618556701030926,20
ktwyyh,-1,36.0,36
ktwyyh,0,38.0,38
ktwyyh,1,26.0,26
djajel,-1,18.0,18
djajel,0,30.0,30
djajel,1,52.0,52
jov6vv,-1,21.428571428571427,21
jov6vv,0,46.93877551020408,46
jov6vv,1,31.63265306122449,31
rz7wkf,-1,22.448979591836736,22
rz7wkf,0,32.6530612244898,32
rz7wkf,1,44.89795918367347,44
l3k9ex,-1,35.714285714285715,35
l3k9ex,0,37.755102040816325,37
l3k9ex,1,26.53061224489796,26
ktgpaw,-1,43.0,43
ktgpaw,0,31.0,31
ktgpaw,1,26.0,26
dwwz1p,-1,27.55102040816326,27
dwwz1p,0,27.55102040816326,27
dwwz1p,1,44.89795918367347,44
qfe73p,-1,43.0,43
qfe73p,0,37.0,37
qfe73p,1,20.0,20
a45167,-1,35.41666666666667,34
a45167,0,43.75,42
a45167,1,20.833333333333336,20
k0h6rd,-1,30.303030303030305,30
k0h6rd,0,29.292929292929294,29
k0h6rd,1,40.4040404040404,40
gtk6pe,-1,49.473684210526315,47
gtk6pe,0,33.68421052631579,32
gtk6pe,1,16.842105263157894,16
kwv2yp,-1,32.97872340425532,31
kwv2yp,0,43.61702127659575,41
kwv2yp,1,23.404255319148938,22
hd6r4n,-1,30.434782608695656,28
hd6r4n,0,38.04347826086957,35
hd6r4n,1,31.521739130434785,29
hdpz4m,-1,29.166666666666668,28
hdpz4m,0,36.45833333333333,35
hdpz4m,1,34.375,33
hjv5iy,-1,30.107526881720432,28
hjv5iy,0,38.70967741935484,36
hjv5iy,1,31.182795698924732,29
i3pdkk,-1,38.144329896907216,37
i3pdkk,0,34.02061855670103,33
i3pdkk,1,27.835051546391753,27
oky1bm,-1,37.37373737373738,37
oky1bm,0,45.45454545454545,45
oky1bm,1,17.17171717171717,17
anvgkw,-1,21.0,21
anvgkw,0,44.0,44
anvgkw,1,35.0,35
hef6ht,-1,35.051546391752574,34
hef6ht,0,36.08247422680412,35
hef6ht,1,28.865979381443296,28
kaeyg1,-1,13.829787234042554,13
kaeyg1,0,56.38297872340425,53
kaeyg1,1,29.78723404255319,28
l03hxs,-1,40.0,36
l03hxs,0,40.0,36
l03hxs,1,20.0,18
kuje46,-1,30.107526881720432,28
kuje46,0,43.01075268817204,40
kuje46,1,26.881720430107524,25
kolz9e,-1,13.0,13
kolz9e,0,45.0,45
kolz9e,1,42.0,42
spdw28,-1,22.22222222222222,22
spdw28,0,46.464646464646464,46
spdw28,1,31.313131313131315,31
cpv0tu,-1,24.175824175824175,22
cpv0tu,0,30.76923076923077,28
cpv0tu,1,45.05494505494506,41
epkzlg,-1,41.0,41
epkzlg,0,35.0,35
epkzlg,1,24.0,24
koijri,-1,18.367346938775512,18
koijri,0,37.755102040816325,37
koijri,1,43.87755102040816,43
hwr5tp,-1,19.0,19
hwr5tp,0,35.0,35
hwr5tp,1,46.0,46
mh4trp,-1,28.125,27
mh4trp,0,36.45833333333333,35
mh4trp,1,35.41666666666667,34
id18c8,-1,31.25,30
id18c8,0,42.70833333333333,41
id18c8,1,26.041666666666668,25
ksgw0k,-1,25.53191489361702,24
ksgw0k,0,50.0,47
ksgw0k,1,24.46808510638298,23
ryfygc,-1,30.0,30
ryfygc,0,42.0,42
ryfygc,1,28.000000000000004,28
jm46mu,-1,23.0,23
jm46mu,0,37.0,37
jm46mu,1,40.0,40
l1n9l2,-1,28.26086956521739,26
l1n9l2,0,39.130434782608695,36
l1n9l2,1,32.608695652173914,30
f8wkio,-1,30.927835051546392,30
f8wkio,0,51.546391752577314,50
f8wkio,1,17.525773195876287,17
dvjr7e,-1,37.11340206185567,36
dvjr7e,0,32.98969072164948,32
dvjr7e,1,29.896907216494846,29
5p3s9c,-1,29.78723404255319,28
5p3s9c,0,43.61702127659575,41
5p3s9c,1,26.595744680851062,25
hvx1w3,-1,26.041666666666668,25
hvx1w3,0,47.91666666666667,46
hvx1w3,1,26.041666666666668,25
fuuy7v,-1,28.28282828282828,28
fuuy7v,0,39.39393939393939,39
fuuy7v,1,32.323232323232325,32
flxtih,-1,21.0,21
flxtih,0,37.0,37
flxtih,1,42.0,42
jn0dc2,-1,21.052631578947366,20
jn0dc2,0,46.31578947368421,44
jn0dc2,1,32.631578947368425,31
asac31,-1,15.0,15
asac31,0,47.0,47
asac31,1,38.0,38
io8rh9,-1,42.2680412371134,41
io8rh9,0,39.175257731958766,38
io8rh9,1,18.556701030927837,18
hua90r,-1,50.0,49
hua90r,0,33.6734693877551,33
hua90r,1,16.3265306122449,16
jamo6x,-1,12.0,12
jamo6x,0,38.0,38
jamo6x,1,50.0,50
huq7n7,-1,28.26086956521739,26
huq7n7,0,42.391304347826086,39
huq7n7,1,29.347826086956523,27
ea7o76,-1,26.31578947368421,25
ea7o76,0,48.421052631578945,46
ea7o76,1,25.263157894736842,24
s739ob,-1,28.999999999999996,29
s739ob,0,38.0,38
s739ob,1,33.0,33
doauwk,-1,30.927835051546392,30
doauwk,0,39.175257731958766,38
doauwk,1,29.896907216494846,29
bzenag,-1,26.041666666666668,25
bzenag,0,43.75,42
bzenag,1,30.208333333333332,29
grmgqa,-1,33.0,33
grmgqa,0,37.0,37
grmgqa,1,30.0,30
j4x2d3,-1,30.208333333333332,29
j4x2d3,0,42.70833333333333,41
j4x2d3,1,27.083333333333332,26
l6mf3z,-1,37.0,37
l6mf3z,0,45.0,45
l6mf3z,1,18.0,18
fp9y6x,-1,35.35353535353536,35
fp9y6x,0,31.313131313131315,31
fp9y6x,1,33.33333333333333,33
tj966t,-1,45.36082474226804,44
tj966t,0,36.08247422680412,35
tj966t,1,18.556701030927837,18
ke8hdn,-1,38.775510204081634,38
ke8hdn,0,40.816326530612244,40
ke8hdn,1,20.408163265306122,20
js6003,-1,41.83673469387755,41
js6003,0,36.734693877551024,36
js6003,1,21.428571428571427,21
jfa3o0,-1,40.625,39
jfa3o0,0,40.625,39
jfa3o0,1,18.75,18
gv786w,-1,49.48453608247423,48
gv786w,0,37.11340206185567,36
gv786w,1,13.402061855670103,13
j5lggr,-1,31.0,31
j5lggr,0,48.0,48
j5lggr,1,21.0,21
fmen9d,-1,18.556701030927837,18
fmen9d,0,47.42268041237113,46
fmen9d,1,34.02061855670103,33
jvt7a8,-1,38.0,38
jvt7a8,0,43.0,43
jvt7a8,1,19.0,19
nk564e,-1,19.0,19
nk564e,0,34.0,34
nk564e,1,47.0,47
j4za67,-1,34.375,33
j4za67,0,40.625,39
j4za67,1,25.0,24
i0m1wk,-1,56.00000000000001,56
i0m1wk,0,28.999999999999996,29
i0m1wk,1,15.0,15
s7qcz1,-1,22.0,22
s7qcz1,0,39.0,39
s7qcz1,1,39.0,39
krx9lp,-1,32.0,32
krx9lp,0,45.0,45
krx9lp,1,23.0,23
mgsr6e,-1,31.0,31
mgsr6e,0,43.0,43
mgsr6e,1,26.0,26
kuut58,-1,42.857142857142854,42
kuut58,0,34.69387755102041,34
kuut58,1,22.448979591836736,22
tqxa6i,-1,34.73684210526316,33
tqxa6i,0,40.0,38
tqxa6i,1,25.263157894736842,24
fjqan5,-1,15.0,15
fjqan5,0,38.0,38
fjqan5,1,47.0,47
hdqw14,-1,28.865979381443296,28
hdqw14,0,40.20618556701031,39
hdqw14,1,30.927835051546392,30
m6gi5h,-1,42.5287356321839,37
m6gi5h,0,40.229885057471265,35
m6gi5h,1,17.24137931034483,15
i7gvik,-1,49.473684210526315,47
i7gvik,0,38.94736842105263,37
i7gvik,1,11.578947368421053,11
coxp57,-1,41.05263157894737,39
coxp57,0,37.89473684210527,36
coxp57,1,21.052631578947366,20
ilq704,-1,38.94736842105263,37
ilq704,0,37.89473684210527,36
ilq704,1,23.157894736842106,22
ttd3ql,-1,35.714285714285715,35
ttd3ql,0,35.714285714285715,35
ttd3ql,1,28.57142857142857,28
l1ynt4,-1,35.16483516483517,32
l1ynt4,0,42.857142857142854,39
l1ynt4,1,21.978021978021978,20
ksdl4m,-1,39.175257731958766,38
ksdl4m,0,36.08247422680412,35
ksdl4m,1,24.742268041237114,24
jnv4nj,-1,28.999999999999996,29
jnv4nj,0,30.0,30
jnv4nj,1,41.0,41
i8xfbv,-1,33.33333333333333,32
i8xfbv,0,44.79166666666667,43
i8xfbv,1,21.875,21
gzbqve,-1,38.144329896907216,37
gzbqve,0,37.11340206185567,36
gzbqve,1,24.742268041237114,24
hhe2pw,-1,51.546391752577314,50
hhe2pw,0,28.865979381443296,28
hhe2pw,1,19.587628865979383,19
idkw36,-1,39.795918367346935,39
idkw36,0,38.775510204081634,38
idkw36,1,21.428571428571427,21
5u4qao,-1,19.587628865979383,19
5u4qao,0,43.29896907216495,42
5u4qao,1,37.11340206185567,36
ksc8ro,-1,24.0,24
ksc8ro,0,55.00000000000001,55
ksc8ro,1,21.0,21
jskobb,-1,18.75,18
jskobb,0,40.625,39
jskobb,1,40.625,39
fbbisx,-1,30.208333333333332,29
fbbisx,0,38.54166666666667,37
fbbisx,1,31.25,30
kyhe9m,-1,38.0,38
kyhe9m,0,44.0,44
kyhe9m,1,18.0,18
lw591j,-1,56.12244897959183,55
lw591j,0,34.69387755102041,34
lw591j,1,9.183673469387756,9
n23k5m,-1,26.53061224489796,26
n23k5m,0,53.06122448979592,52
n23k5m,1,20.408163265306122,20
hsxpls,-1,52.0,52
hsxpls,0,31.0,31
hsxpls,1,17.0,17
fvg6l4,-1,29.292929292929294,29
fvg6l4,0,38.38383838383838,38
fvg6l4,1,32.323232323232325,32
r9dxoh,-1,22.448979591836736,22
r9dxoh,0,45.91836734693878,45
r9dxoh,1,31.63265306122449,31
pl5g26,-1,31.63265306122449,31
pl5g26,0,41.83673469387755,41
pl5g26,1,26.53061224489796,26
gzpcee,-1,22.58064516129032,21
gzpcee,0,33.33333333333333,31
gzpcee,1,44.086021505376344,41
krg47d,-1,25.773195876288657,25
krg47d,0,29.896907216494846,29
krg47d,1,44.329896907216494,43
jzjwz1,-1,32.29166666666667,31
jzjwz1,0,40.625,39
jzjwz1,1,27.083333333333332,26
k9wafq,-1,42.0,42
k9wafq,0,35.0,35
k9wafq,1,23.0,23
aofry1,-1,20.0,19
aofry1,0,36.84210526315789,35
aofry1,1,43.15789473684211,41
jztvos,-1,28.999999999999996,29
jztvos,0,32.0,32
jztvos,1,39.0,39
j3xilg,-1,14.14141414141414,14
j3xilg,0,42.42424242424242,42
j3xilg,1,43.43434343434344,43
k7ao34,-1,33.33333333333333,33
k7ao34,0,37.37373737373738,37
k7ao34,1,29.292929292929294,29
kv4286,-1,32.22222222222222,29
kv4286,0,46.666666666666664,42
kv4286,1,21.11111111111111,19
ou0rk8,-1,37.0,37
ou0rk8,0,35.0,35
ou0rk8,1,28.000000000000004,28
m6zhfa,-1,20.43010752688172,19
m6zhfa,0,40.86021505376344,38
m6zhfa,1,38.70967741935484,36
hmt0k1,-1,36.734693877551024,36
hmt0k1,0,35.714285714285715,35
hmt0k1,1,27.55102040816326,27
j37b6t,-1,42.35294117647059,36
j37b6t,0,42.35294117647059,36
j37b6t,1,15.294117647058824,13
krolyx,-1,19.587628865979383,19
krolyx,0,40.20618556701031,39
krolyx,1,40.20618556701031,39
9rp138,-1,32.631578947368425,31
9rp138,0,42.10526315789473,40
9rp138,1,25.263157894736842,24
miirt7,-1,32.0,32
miirt7,0,30.0,30
miirt7,1,38.0,38
j1lyi4,-1,24.0,24
j1lyi4,0,43.0,43
j1lyi4,1,33.0,33
icnzmz,-1,35.35353535353536,35
icnzmz,0,48.484848484848484,48
icnzmz,1,16.161616161616163,16
7fpqwf,-1,28.999999999999996,29
7fpqwf,0,43.0,43
7fpqwf,1,28.000000000000004,28
iq0hwj,-1,49.494949494949495,49
iq0hwj,0,34.34343434343434,34
iq0hwj,1,16.161616161616163,16
k4z1g1,-1,17.0,17
k4z1g1,0,51.0,51
k4z1g1,1,32.0,32
iu3y8q,-1,28.28282828282828,28
iu3y8q,0,29.292929292929294,29
iu3y8q,1,42.42424242424242,42
jpqdiv,-1,14.14141414141414,14
jpqdiv,0,56.56565656565656,56
jpqdiv,1,29.292929292929294,29
l1dj7s,-1,20.0,20
l1dj7s,0,38.0,38
l1dj7s,1,42.0,42
kssnui,-1,35.483870967741936,33
kssnui,0,48.38709677419355,45
kssnui,1,16.129032258064516,15
gs756d,-1,50.505050505050505,50
gs756d,0,39.39393939393939,39
gs756d,1,10.1010101010101,10
jjsj9k,-1,30.927835051546392,30
jjsj9k,0,38.144329896907216,37
jjsj9k,1,30.927835051546392,30
p0ohhf,-1,45.36082474226804,44
p0ohhf,0,32.98969072164948,32
p0ohhf,1,21.649484536082475,21
lq5eho,-1,24.742268041237114,24
lq5eho,0,42.2680412371134,41
lq5eho,1,32.98969072164948,32
phbnyh,-1,26.373626373626376,24
phbnyh,0,49.45054945054945,45
phbnyh,1,24.175824175824175,22
jwoc37,-1,35.714285714285715,35
jwoc37,0,42.857142857142854,42
jwoc37,1,21.428571428571427,21
n7rntq,-1,36.36363636363637,36
n7rntq,0,38.38383838383838,38
n7rntq,1,25.252525252525253,25
i9161a,-1,23.157894736842106,22
i9161a,0,50.526315789473685,48
i9161a,1,26.31578947368421,25
cs1wyx,-1,27.0,27
cs1wyx,0,38.0,38
cs1wyx,1,35.0,35
l48v42,-1,28.421052631578945,27
l48v42,0,29.47368421052631,28
l48v42,1,42.10526315789473,40
kqc4ce,-1,46.464646464646464,46
kqc4ce,0,33.33333333333333,33
kqc4ce,1,20.2020202020202,20
gz4wnk,-1,31.182795698924732,29
gz4wnk,0,45.16129032258064,42
gz4wnk,1,23.655913978494624,22
hbz6sj,-1,41.935483870967744,39
hbz6sj,0,36.55913978494624,34
hbz6sj,1,21.50537634408602,20
kuhh8y,-1,22.58064516129032,21
kuhh8y,0,41.935483870967744,39
kuhh8y,1,35.483870967741936,33
hoag33,-1,13.402061855670103,13
hoag33,0,42.2680412371134,41
hoag33,1,44.329896907216494,43
i310d7,-1,28.723404255319153,27
i310d7,0,40.42553191489361,38
i310d7,1,30.851063829787233,29
j3ryb4,-1,31.25,30
j3ryb4,0,36.45833333333333,35
j3ryb4,1,32.29166666666667,31
jlj3ss,-1,46.391752577319586,45
jlj3ss,0,35.051546391752574,34
jlj3ss,1,18.556701030927837,18
la7neo,-1,22.22222222222222,22
la7neo,0,36.36363636363637,36
la7neo,1,41.41414141414141,41
k2pvp7,-1,23.809523809523807,20
k2pvp7,0,42.857142857142854,36
k2pvp7,1,33.33333333333333,28
t258q4,-1,32.0,32
t258q4,0,47.0,47
t258q4,1,21.0,21
ia5lzg,-1,48.484848484848484,48
ia5lzg,0,34.34343434343434,34
ia5lzg,1,17.17171717171717,17
ik3c0z,-1,46.391752577319586,45
ik3c0z,0,32.98969072164948,32
ik3c0z,1,20.618556701030926,20
f6k1u8,-1,23.232323232323232,23
f6k1u8,0,51.515151515151516,51
f6k1u8,1,25.252525252525253,25
hzha3f,-1,31.25,30
hzha3f,0,39.58333333333333,38
hzha3f,1,29.166666666666668,28
jom0bi,-1,44.0,44
jom0bi,0,41.0,41
jom0bi,1,15.0,15
ksp7ir,-1,46.0,46
ksp7ir,0,37.0,37
ksp7ir,1,17.0,17
ll5yep,-1,30.927835051546392,30
ll5yep,0,47.42268041237113,46
ll5yep,1,21.649484536082475,21
6bkcss,-1,27.0,27
6bkcss,0,46.0,46
6bkcss,1,27.0,27
ekxd1t,-1,26.041666666666668,25
ekxd1t,0,51.041666666666664,49
ekxd1t,1,22.916666666666664,22
pnm6ln,-1,25.0,25
pnm6ln,0,31.0,31
pnm6ln,1,44.0,44
ivhbrj,-1,31.0,31
ivhbrj,0,27.0,27
ivhbrj,1,42.0,42
fhe84r,-1,40.20618556701031,39
fhe84r,0,25.773195876288657,25
fhe84r,1,34.02061855670103,33
tdvvvy,-1,24.731182795698924,23
tdvvvy,0,38.70967741935484,36
tdvvvy,1,36.55913978494624,34
tgnjzt,-1,30.526315789473685,29
tgnjzt,0,36.84210526315789,35
tgnjzt,1,32.631578947368425,31
jp257j,-1,18.556701030927837,18
jp257j,0,41.23711340206185,40
jp257j,1,40.20618556701031,39
h9mpro,-1,24.242424242424242,24
h9mpro,0,43.43434343434344,43
h9mpro,1,32.323232323232325,32
ipocg2,-1,35.78947368421053,34
ipocg2,0,46.31578947368421,44
ipocg2,1,17.894736842105264,17
jn9dgp,-1,24.489795918367346,24
jn9dgp,0,46.93877551020408,46
jn9dgp,1,28.57142857142857,28
qhapqw,-1,21.052631578947366,20
qhapqw,0,27.368421052631582,26
qhapqw,1,51.578947368421055,49
kdjnkk,-1,44.680851063829785,42
kdjnkk,0,36.17021276595745,34
kdjnkk,1,19.148936170212767,18
j4ylpi,-1,28.000000000000004,28
j4ylpi,0,40.0,40
j4ylpi,1,32.0,32
hl1dts,-1,41.0,41
hl1dts,0,28.000000000000004,28
hl1dts,1,31.0,31
lc2v0c,-1,33.33333333333333,30
lc2v0c,0,37.77777777777778,34
lc2v0c,1,28.888888888888886,26
flhvvy,-1,35.0,35
flhvvy,0,40.0,40
flhvvy,1,25.0,25
fllkz6,-1,32.6530612244898,32
fllkz6,0,47.95918367346938,47
fllkz6,1,19.387755102040817,19
hnm5e0,-1,34.0,34
hnm5e0,0,38.0,38
hnm5e0,1,28.000000000000004,28
j8k55l,-1,15.625,15
j8k55l,0,37.5,36
j8k55l,1,46.875,45
jqaxz0,-1,12.244897959183673,12
jqaxz0,0,34.69387755102041,34
jqaxz0,1,53.06122448979592,52
flupe8,-1,34.78260869565217,32
flupe8,0,44.565217391304344,41
flupe8,1,20.652173913043477,19
mqcqc7,-1,30.612244897959183,30
mqcqc7,0,47.95918367346938,47
mqcqc7,1,21.428571428571427,21
ggdm2n,-1,42.391304347826086,39
ggdm2n,0,35.869565217391305,33
ggdm2n,1,21.73913043478261,20
kv8gka,-1,35.714285714285715,35
kv8gka,0,43.87755102040816,43
kv8gka,1,20.408163265306122,20
dejfnt,-1,33.0,33
dejfnt,0,43.0,43
dejfnt,1,24.0,24
jnatrl,-1,25.252525252525253,25
jnatrl,0,36.36363636363637,36
jnatrl,1,38.38383838383838,38
pkxdin,-1,18.181818181818183,18
pkxdin,0,37.37373737373738,37
pkxdin,1,44.44444444444444,44
lhn877,-1,47.474747474747474,47
lhn877,0,40.4040404040404,40
lhn877,1,12.121212121212121,12
ph2llw,-1,37.0,37
ph2llw,0,34.0,34
ph2llw,1,28.999999999999996,29
gsrjwv,-1,40.0,38
gsrjwv,0,37.89473684210527,36
gsrjwv,1,22.105263157894736,21
l527g8,-1,37.0,37
l527g8,0,34.0,34
l527g8,1,28.999999999999996,29
l2l0eg,-1,36.0,36
l2l0eg,0,34.0,34
l2l0eg,1,30.0,30
ksf46h,-1,35.869565217391305,33
ksf46h,0,39.130434782608695,36
ksf46h,1,25.0,23
mm53lw,-1,40.0,40
mm53lw,0,47.0,47
mm53lw,1,13.0,13
af2foq,-1,40.0,40
af2foq,0,32.0,32
af2foq,1,28.000000000000004,28
itols1,-1,49.0,49
itols1,0,30.0,30
itols1,1,21.0,21
kj0as8,-1,34.34343434343434,34
kj0as8,0,31.313131313131315,31
kj0as8,1,34.34343434343434,34
hfvube,-1,35.051546391752574,34
hfvube,0,38.144329896907216,37
hfvube,1,26.804123711340207,26
j2dtbo,-1,46.875,45
j2dtbo,0,32.29166666666667,31
j2dtbo,1,20.833333333333336,20
hpv5ug,-1,40.20618556701031,39
hpv5ug,0,38.144329896907216,37
hpv5ug,1,21.649484536082475,21
jn3d87,-1,56.12244897959183,55
jn3d87,0,30.612244897959183,30
jn3d87,1,13.26530612244898,13
k6q42y,-1,23.958333333333336,23
k6q42y,0,37.5,36
k6q42y,1,38.54166666666667,37
fj1tpz,-1,39.130434782608695,36
fj1tpz,0,39.130434782608695,36
fj1tpz,1,21.73913043478261,20
jogx8r,-1,40.816326530612244,40
jogx8r,0,34.69387755102041,34
jogx8r,1,24.489795918367346,24
q7l67k,-1,31.521739130434785,29
q7l67k,0,35.869565217391305,33
q7l67k,1,32.608695652173914,30
jrsl3d,-1,47.87234042553192,45
jrsl3d,0,30.851063829787233,29
jrsl3d,1,21.27659574468085,20
hx0t02,-1,55.78947368421052,53
hx0t02,0,31.57894736842105,30
hx0t02,1,12.631578947368421,12
lh5cki,-1,18.6046511627907,16
lh5cki,0,40.69767441860465,35
lh5cki,1,40.69767441860465,35
lmktvy,-1,37.234042553191486,35
lmktvy,0,43.61702127659575,41
lmktvy,1,19.148936170212767,18
jxcbd2,-1,41.66666666666667,40
jxcbd2,0,44.79166666666667,43
jxcbd2,1,13.541666666666666,13
kcatn3,-1,39.0,39
kcatn3,0,36.0,36
kcatn3,1,25.0,25
g3eqz4,-1,36.17021276595745,34
g3eqz4,0,40.42553191489361,38
g3eqz4,1,23.404255319148938,22
fre0xp,-1,43.0,43
fre0xp,0,26.0,26
fre0xp,1,31.0,31
fqgyac,-1,35.41666666666667,34
fqgyac,0,42.70833333333333,41
fqgyac,1,21.875,21
joau06,-1,17.17171717171717,17
joau06,0,38.38383838383838,38
joau06,1,44.44444444444444,44
gmpstk,-1,35.051546391752574,34
gmpstk,0,49.48453608247423,48
gmpstk,1,15.463917525773196,15
i2wh8l,-1,33.33333333333333,32
i2wh8l,0,32.29166666666667,31
i2wh8l,1,34.375,33
i15yhy,-1,58.76288659793815,57
i15yhy,0,21.649484536082475,21
i15yhy,1,19.587628865979383,19
l0u5dd,-1,37.5,36
l0u5dd,0,43.75,42
l0u5dd,1,18.75,18
h8s63z,-1,32.58426966292135,29
h8s63z,0,40.44943820224719,36
h8s63z,1,26.96629213483146,24
5so4db,-1,24.46808510638298,23
5so4db,0,51.06382978723404,48
5so4db,1,24.46808510638298,23
minlvn,-1,35.41666666666667,34
minlvn,0,46.875,45
minlvn,1,17.708333333333336,17
flcdyo,-1,38.0,38
flcdyo,0,38.0,38
flcdyo,1,24.0,24
ks0mu5,-1,47.95918367346938,47
ks0mu5,0,27.55102040816326,27
ks0mu5,1,24.489795918367346,24
l06tox,-1,44.44444444444444,44
l06tox,0,34.34343434343434,34
l06tox,1,21.21212121212121,21
jboibo,-1,34.40860215053764,32
jboibo,0,36.55913978494624,34
jboibo,1,29.03225806451613,27
i19sjg,-1,57.89473684210527,55
i19sjg,0,25.263157894736842,24
i19sjg,1,16.842105263157894,16
hvgl8z,-1,24.210526315789473,23
hvgl8z,0,46.31578947368421,44
hvgl8z,1,29.47368421052631,28
k3cwgo,-1,28.999999999999996,29
k3cwgo,0,36.0,36
k3cwgo,1,35.0,35
rcrv9g,-1,35.714285714285715,35
rcrv9g,0,38.775510204081634,38
rcrv9g,1,25.510204081632654,25
gry8w6,-1,33.6734693877551,33
gry8w6,0,41.83673469387755,41
gry8w6,1,24.489795918367346,24
g6rex1,-1,39.58333333333333,38
g6rex1,0,29.166666666666668,28
g6rex1,1,31.25,30
jrbrnv,-1,24.742268041237114,24
jrbrnv,0,45.36082474226804,44
jrbrnv,1,29.896907216494846,29
ks2bfv,-1,35.78947368421053,34
ks2bfv,0,38.94736842105263,37
ks2bfv,1,25.263157894736842,24
kshynb,-1,38.94736842105263,37
kshynb,0,45.26315789473684,43
kshynb,1,15.789473684210526,15
kmcnj1,-1,27.27272727272727,27
kmcnj1,0,49.494949494949495,49
kmcnj1,1,23.232323232323232,23
l6jrij,-1,45.0,45
l6jrij,0,33.0,33
l6jrij,1,22.0,22
jae0ka,-1,42.857142857142854,42
jae0ka,0,27.55102040816326,27
jae0ka,1,29.591836734693878,29
j0zphm,-1,34.0,34
j0zphm,0,45.0,45
j0zphm,1,21.0,21
l4zleg,-1,43.43434343434344,43
l4zleg,0,38.38383838383838,38
l4zleg,1,18.181818181818183,18
kzz6vo,-1,38.297872340425535,36
kzz6vo,0,42.5531914893617,40
kzz6vo,1,19.148936170212767,18
i4ulnr,-1,46.0,46
i4ulnr,0,35.0,35
i4ulnr,1,19.0,19
la0z97,-1,43.0,43
la0z97,0,28.999999999999996,29
la0z97,1,28.000000000000004,28
j58xub,-1,19.0,19
j58xub,0,43.0,43
j58xub,1,38.0,38
u151gn,-1,44.0,44
u151gn,0,27.0,27
u151gn,1,28.999999999999996,29
iiftea,-1,27.368421052631582,26
iiftea,0,34.73684210526316,33
iiftea,1,37.89473684210527,36
kcmtkn,-1,40.0,40
kcmtkn,0,41.0,41
kcmtkn,1,19.0,19
ofhh8t,-1,41.23711340206185,40
ofhh8t,0,35.051546391752574,34
ofhh8t,1,23.711340206185564,23
lqfw0f,-1,26.373626373626376,24
lqfw0f,0,41.75824175824176,38
lqfw0f,1,31.868131868131865,29
eycron,-1,22.340425531914892,21
eycron,0,51.06382978723404,48
eycron,1,26.595744680851062,25
i9pzvb,-1,39.39393939393939,39
i9pzvb,0,35.35353535353536,35
i9pzvb,1,25.252525252525253,25
ajo5lj,-1,28.999999999999996,29
ajo5lj,0,46.0,46
ajo5lj,1,25.0,25
kya9ub,-1,38.63636363636363,34
kya9ub,0,43.18181818181818,38
kya9ub,1,18.181818181818183,16
sbywpi,-1,25.0,25
sbywpi,0,39.0,39
sbywpi,1,36.0,36
s4jv8s,-1,37.37373737373738,37
s4jv8s,0,34.34343434343434,34
s4jv8s,1,28.28282828282828,28
ppjqtn,-1,40.44943820224719,36
ppjqtn,0,30.337078651685395,27
ppjqtn,1,29.213483146067414,26
j1cgy3,-1,31.914893617021278,30
j1cgy3,0,34.04255319148936,32
j1cgy3,1,34.04255319148936,32
ksnclo,-1,27.659574468085108,26
ksnclo,0,51.06382978723404,48
ksnclo,1,21.27659574468085,20
h08aor,-1,42.5531914893617,40
h08aor,0,45.744680851063826,43
h08aor,1,11.702127659574469,11
laetgj,-1,25.252525252525253,25
laetgj,0,42.42424242424242,42
laetgj,1,32.323232323232325,32
k2dgn2,-1,38.0,38
k2dgn2,0,32.0,32
k2dgn2,1,30.0,30
m5qcf3,-1,24.742268041237114,24
m5qcf3,0,50.51546391752577,49
m5qcf3,1,24.742268041237114,24
hm9hhu,-1,56.25,54
hm9hhu,0,30.208333333333332,29
hm9hhu,1,13.541666666666666,13
l2su91,-1,38.775510204081634,38
l2su91,0,32.6530612244898,32
l2su91,1,28.57142857142857,28
ft6sqw,-1,31.0,31
ft6sqw,0,48.0,48
ft6sqw,1,21.0,21
i8g0he,-1,47.95918367346938,47
i8g0he,0,36.734693877551024,36
i8g0he,1,15.306122448979592,15
ll8xxl,-1,47.368421052631575,45
ll8xxl,0,32.631578947368425,31
ll8xxl,1,20.0,19
krj07w,-1,26.53061224489796,26
krj07w,0,34.69387755102041,34
krj07w,1,38.775510204081634,38
azad2b,-1,20.408163265306122,20
azad2b,0,50.0,49
azad2b,1,29.591836734693878,29
mj839d,-1,25.263157894736842,24
mj839d,0,40.0,38
mj839d,1,34.73684210526316,33
hu0sk6,-1,34.73684210526316,33
hu0sk6,0,40.0,38
hu0sk6,1,25.263157894736842,24
mkheto,-1,23.655913978494624,22
mkheto,0,51.61290322580645,48
mkheto,1,24.731182795698924,23
kobwea,-1,21.649484536082475,21
kobwea,0,32.98969072164948,32
kobwea,1,45.36082474226804,44
lcho71,-1,28.57142857142857,28
lcho71,0,32.6530612244898,32
lcho71,1,38.775510204081634,38
lx26cz,-1,42.42424242424242,42
lx26cz,0,30.303030303030305,30
lx26cz,1,27.27272727272727,27
uhgdek,-1,38.94736842105263,37
uhgdek,0,36.84210526315789,35
uhgdek,1,24.210526315789473,23
jocdjh,-1,22.448979591836736,22
jocdjh,0,36.734693877551024,36
jocdjh,1,40.816326530612244,40
l4n1ho,-1,30.107526881720432,28
l4n1ho,0,37.634408602150536,35
l4n1ho,1,32.25806451612903,30
ilbzv1,-1,33.33333333333333,30
ilbzv1,0,54.44444444444444,49
ilbzv1,1,12.222222222222221,11
mqw4bp,-1,42.857142857142854,42
mqw4bp,0,40.816326530612244,40
mqw4bp,1,16.3265306122449,16
js8y81,-1,20.2020202020202,20
js8y81,0,40.4040404040404,40
js8y81,1,39.39393939393939,39
ivr5er,-1,29.896907216494846,29
ivr5er,0,37.11340206185567,36
ivr5er,1,32.98969072164948,32
cx6go2,-1,29.78723404255319,28
cx6go2,0,39.361702127659576,37
cx6go2,1,30.851063829787233,29
j5swu9,-1,43.75,42
j5swu9,0,28.125,27
j5swu9,1,28.125,27
h00jlh,-1,23.076923076923077,21
h00jlh,0,36.26373626373626,33
h00jlh,1,40.65934065934066,37
kt43ms,-1,46.93877551020408,46
kt43ms,0,35.714285714285715,35
kt43ms,1,17.346938775510203,17
l288p9,-1,41.41414141414141,41
l288p9,0,40.4040404040404,40
l288p9,1,18.181818181818183,18
cugs62,-1,35.0,35
cugs62,0,37.0,37
cugs62,1,28.000000000000004,28
iacncr,-1,15.789473684210526,15
iacncr,0,40.0,38
iacncr,1,44.21052631578947,42
kr05j2,-1,29.166666666666668,28
kr05j2,0,40.625,39
kr05j2,1,30.208333333333332,29
uy9k55,-1,50.0,47
uy9k55,0,35.1063829787234,33
uy9k55,1,14.893617021276595,14
ugrn2a,-1,29.292929292929294,29
ugrn2a,0,27.27272727272727,27
ugrn2a,1,43.43434343434344,43
jz4ewx,-1,41.0,41
jz4ewx,0,31.0,31
jz4ewx,1,28.000000000000004,28
jxv4xn,-1,22.0,22
jxv4xn,0,49.0,49
jxv4xn,1,28.999999999999996,29
rm3opa,-1,25.510204081632654,25
rm3opa,0,43.87755102040816,43
rm3opa,1,30.612244897959183,30
lkmezk,-1,34.0,34
lkmezk,0,36.0,36
lkmezk,1,30.0,30
ei5x58,-1,22.22222222222222,22
ei5x58,0,35.35353535353536,35
ei5x58,1,42.42424242424242,42
k1gh9w,-1,32.323232323232325,32
k1gh9w,0,44.44444444444444,44
k1gh9w,1,23.232323232323232,23
l74rih,-1,39.0,39
l74rih,0,28.000000000000004,28
l74rih,1,33.0,33
kyjqk9,-1,42.0,42
kyjqk9,0,31.0,31
kyjqk9,1,27.0,27
t9ff1l,-1,33.6734693877551,33
t9ff1l,0,35.714285714285715,35
t9ff1l,1,30.612244897959183,30
t11uq0,-1,40.0,40
t11uq0,0,34.0,34
t11uq0,1,26.0,26
hzee67,-1,28.999999999999996,29
hzee67,0,47.0,47
hzee67,1,24.0,24
je7k4h,-1,35.0,35
je7k4h,0,47.0,47
je7k4h,1,18.0,18
i5fixi,-1,51.06382978723404,48
i5fixi,0,24.46808510638298,23
i5fixi,1,24.46808510638298,23
hixfhq,-1,28.999999999999996,29
hixfhq,0,40.0,40
hixfhq,1,31.0,31
jhaoeh,-1,31.0,31
jhaoeh,0,27.0,27
jhaoeh,1,42.0,42
fslazd,-1,31.313131313131315,31
fslazd,0,49.494949494949495,49
fslazd,1,19.19191919191919,19
g03uny,-1,23.711340206185564,23
g03uny,0,32.98969072164948,32
g03uny,1,43.29896907216495,42
kshfg0,-1,52.52525252525253,52
kshfg0,0,35.35353535353536,35
kshfg0,1,12.121212121212121,12
afd0eh,-1,28.999999999999996,29
afd0eh,0,41.0,41
afd0eh,1,30.0,30
o4t9ny,-1,28.57142857142857,28
o4t9ny,0,37.755102040816325,37
o4t9ny,1,33.6734693877551,33
hgbxhh,-1,36.0,36
hgbxhh,0,38.0,38
hgbxhh,1,26.0,26
jny15r,-1,17.0,17
jny15r,0,36.0,36
jny15r,1,47.0,47
hqnroy,-1,42.22222222222222,38
hqnroy,0,42.22222222222222,38
hqnroy,1,15.555555555555555,14
l5ghxe,-1,37.755102040816325,37
l5ghxe,0,37.755102040816325,37
l5ghxe,1,24.489795918367346,24
kt8npm,-1,40.0,36
kt8npm,0,31.11111111111111,28
kt8npm,1,28.888888888888886,26
goow8f,-1,12.0,12
goow8f,0,30.0,30
goow8f,1,57.99999999999999,58
dtf9si,-1,18.947368421052634,18
dtf9si,0,46.31578947368421,44
dtf9si,1,34.73684210526316,33
hni6io,-1,42.42424242424242,42
hni6io,0,42.42424242424242,42
hni6io,1,15.151515151515152,15
kxb8q3,-1,36.17021276595745,34
kxb8q3,0,40.42553191489361,38
kxb8q3,1,23.404255319148938,22
jqf9cn,-1,12.0,12
jqf9cn,0,34.0,34
jqf9cn,1,54.0,54
kt0ks4,-1,40.21739130434783,37
kt0ks4,0,39.130434782608695,36
kt0ks4,1,20.652173913043477,19
fot3pr,-1,32.0,32
fot3pr,0,39.0,39
fot3pr,1,28.999999999999996,29
agabcf,-1,34.40860215053764,32
agabcf,0,40.86021505376344,38
agabcf,1,24.731182795698924,23
kvgg3y,-1,20.43010752688172,19
kvgg3y,0,22.58064516129032,21
kvgg3y,1,56.98924731182796,53
ekdzaq,-1,37.5,36
ekdzaq,0,41.66666666666667,40
ekdzaq,1,20.833333333333336,20
kz9f2i,-1,23.0,23
kz9f2i,0,51.0,51
kz9f2i,1,26.0,26
g3c9gi,-1,35.0,35
g3c9gi,0,41.0,41
g3c9gi,1,24.0,24
l0x7sy,-1,43.0,43
l0x7sy,0,28.999999999999996,29
l0x7sy,1,28.000000000000004,28
g4wzsz,-1,44.0,44
g4wzsz,0,28.000000000000004,28
g4wzsz,1,28.000000000000004,28
ga9jpd,-1,25.53191489361702,24
ga9jpd,0,47.87234042553192,45
ga9jpd,1,26.595744680851062,25
m8ie1i,-1,41.48936170212766,39
m8ie1i,0,29.78723404255319,28
m8ie1i,1,28.723404255319153,27
j23lg2,-1,22.58064516129032,21
j23lg2,0,45.16129032258064,42
j23lg2,1,32.25806451612903,30
q9brrv,-1,28.000000000000004,28
q9brrv,0,42.0,42
q9brrv,1,30.0,30
kwj3ib,-1,41.57303370786517,37
kwj3ib,0,35.95505617977528,32
kwj3ib,1,22.47191011235955,20
ka1jt8,-1,29.591836734693878,29
ka1jt8,0,34.69387755102041,34
ka1jt8,1,35.714285714285715,35
kwqdsf,-1,37.0,37
kwqdsf,0,34.0,34
kwqdsf,1,28.999999999999996,29
m7xyy7,-1,28.723404255319153,27
m7xyy7,0,44.680851063829785,42
m7xyy7,1,26.595744680851062,25
fezxw4,-1,38.04347826086957,35
fezxw4,0,38.04347826086957,35
fezxw4,1,23.91304347826087,22
je3lfc,-1,22.448979591836736,22
je3lfc,0,48.97959183673469,48
je3lfc,1,28.57142857142857,28
gvztax,-1,42.0,42
gvztax,0,38.0,38
gvztax,1,20.0,20
o6lr8c,-1,40.0,40
o6lr8c,0,40.0,40
o6lr8c,1,20.0,20
hzq0z5,-1,35.051546391752574,34
hzq0z5,0,34.02061855670103,33
hzq0z5,1,30.927835051546392,30
jmm91k,-1,36.734693877551024,36
jmm91k,0,35.714285714285715,35
jmm91k,1,27.55102040816326,27
fqsq2o,-1,30.927835051546392,30
fqsq2o,0,45.36082474226804,44
fqsq2o,1,23.711340206185564,23
t3u5i4,-1,23.0,23
t3u5i4,0,55.00000000000001,55
t3u5i4,1,22.0,22
ks2d28,-1,43.01075268817204,40
ks2d28,0,43.01075268817204,40
ks2d28,1,13.978494623655912,13
j2osv7,-1,41.11111111111111,37
j2osv7,0,33.33333333333333,30
j2osv7,1,25.555555555555554,23
ghx0k5,-1,46.31578947368421,44
ghx0k5,0,37.89473684210527,36
ghx0k5,1,15.789473684210526,15
e9ho3a,-1,34.0,34
e9ho3a,0,47.0,47
e9ho3a,1,19.0,19
kn0plb,-1,40.65934065934066,37
kn0plb,0,30.76923076923077,28
kn0plb,1,28.57142857142857,26
